구인제목,사업장명,업종,직종,채용인원,근무지역,근무내용,경력조건,필요경력,급여,근무시간,근무형태,접수마감,전형방법,지원방법
강남구립 역삼노인요양센터 직원(사회복지사) 채용 공고,구립 역삼노인복지센터 부설 역삼노인요양센터,사회복지,사회복지사,1명,서울특별시 강남구 도곡로27길 27  (역삼동) 역삼노인요양센터,"이용 어르신 관리 및 상담, 장기요양수가 청구, 프로그램 진행 등 장기요양시설 사회복지 업무 전반",무관,,(월급) 220만원,09:00~18:00,주간,2024.05.07,"서류 ,면접","온라인,방문,우편,팩스,기타( 이메일 지원 yssenior@hanmail.net )"
[제2024-23호] 시립은평의마을 직원 채용 공고(계약직 생활복지사)(’24.5.1.  ~’24.5.16.),서울특별시립은평의마을,사회복지,사회복지사(사회복지시설),1명,서울특별시 은평구 갈현로15길 27 -1 (구산동) 은평의마을,"프로그램, 상담, 사무업무 등

*근무시간/스케줄에 따라 4교대
A조-07:00~16:00
B조-13:00~22:00
C조-09:00~18:00
N조-22:00~08:00 (야간 24~06시 사이 2시간 휴게)
비번

 사회복지사 필수
야간, 시간외 별도지급",무관,,(월급) 234만원,채용공고문 참조,3교대,2024.05.16,"서류 ,면접 ,신체검사",기타( 채용공고문 확인 후 우편 또는 이메일 접수((hjpark119@bizmeka.com)) )
연장반(영아) 교사 모집,국공립 동화어린이집,사회복지,보육 교사,1명,서울특별시 중구 청구로 64  (신당동) 106동 1층 동화어린이집,"안녕하십니까! 국공립 동화어린이집입니다. 본 어린이집에서는 영유아를 존중하고 사랑하며 영유아보육에 열의와 사명감을 가지고 성실히 함께할 긍정적인 교사를 모집합니다.

1. 채용부분 
가. 연장반(영아) 보육교사 1명 
나. 근무시간 : 15:00~19:30 (휴게시간 18:30~19:00)
다. 근무시기 : 2024년 7월 부터 

2. 지원자격 - 보육교사 자격증 소지자. 장기 미종사자교육 이수자(해당자) 
3. 급여: 보육사업 지침준용 ( 월급 1,068,000원이상 )
4. 제출서류 - 이력서 1부(최근 6개월 이내 촬영한 사진, 반명함판) , 자기소개서 1부  
5. 전형방법 - 이메일 접수(donghwa2234@naver.com) 
* 서류전형 합격자에게는 개별적으로 유선으로 연락 후 2차 면접 

6. 기타 
- 제출한 일체의서류는 반환되지 않으며, 개인정보 보호 차원에서 전부 파쇄됩니다. 
- 지원 서류의 기재 사항이 사실과 다를 경우, 임용 이후라도 합격이 취소될 수 있습니다. 
- 신원조회 및 채용신체검사 결과 및 성범죄 및 아동학대경력조회에서 부적격 판정을 받을 경우 합격이 불가합니다.",무관,,"(월급) 106만원
								
							
							
						
					  
						상여금 : 0% -
							
							연봉 또는 월급에 포함",15:00~19:30,주간,채용시까지(2개월이내),"서류 ,면접","전자우편,기타( 이메일   donghwa2234@naver.com )"
[원효로3가] 영아반 연장보육 전담교사 모집,원효어린이집,사회복지,보육 교사,1명,서울특별시 용산구 원효로41가길 14 -19 (원효로3가) (원효로3가),"[영아반 연장보육 전담교사 모집 ]

- 직무 : 야간연장 교사와 함께 영아 연장반 보육 및 교실 청소

- 자격 : 보육교사자격증 2급 이상

- 근무시간 : 15:00~19:30(휴게시간 18:30~19:00) / 주5일 근무

- 급여 : 월 1,068,000원",무관,,(월급) 106만원,15:00~19:30,주간,채용시까지(2개월이내),"서류 ,면접",전자우편
(재공고) 서대문구 서울형 키즈카페 북가좌1동점 종사자 채용 공고,가좌제일교회,사회복지,기타 사회복지 종사원,1명,서울특별시 서대문구 수색로8길 48 -4 (북가좌동) 3층 키즈카페,"서울형 키즈카페 북가좌1동점 운영요원 1명 채용 
- 시설 예산 집행 및 이용예약 관리 외, 기타 행정관리, 키즈카페 관련 업무 등",무관,,(최소연봉) 2500만원,9:00~18:00,주간,2024.05.14,"서류 ,면접",기타( 이메일 접수 (gajwawebmaster@gmail.com) )
[제2024-24호] 시립은평의마을 직원 채용 공고(생활지도원),서울특별시립은평의마을,사회복지,장애인 생활지도원(장애인활동보조원 포함),5명,서울특별시 은평구 갈현로15길 27 -1 (구산동) 은평의마을,"생활지도(케어, 일상지원, 프로그램 지원 등)

*근무시간/스케줄에 따라 4교대
A조-07:00~16:00
B조-13:00~22:00
C조-09:00~18:00
N조-22:00~08:00 (야간 2시간 휴게)


* 3호봉 이하 생활지도원 채용 
* 사회복지사 필수 
야간, 시간외 별도지급",무관,,"(월급) 234만원
								
							
							
						
					  
						상여금 : 0% -
							
							
							연봉 또는 월급에 미포함",교대제,기타,2024.05.16,"서류 ,면접 ,신체검사",기타( 채용공고문 확인 후 우편 또는 이메일 접수 )
2024년 서울시립청소년자립지원관(혼합형) 자립지원요원 채용 공고,서울시립청소년자립지원관,사회복지,청소년 지도사,1명,서울특별시 도봉구 시루봉로15길 93  (방학동) 102동 203호,"- 자립준비청소년 사례관리
- 사업 및 프로그램 운영 등",무관,,"(월급) 223만원
								
							
							
						
					  
						상여금 : 120% -
							
							
							연봉 또는 월급에 미포함",09:00~18:00,주간,2024.05.15,"서류 ,면접",기타( 자사 이메일입사지원(지정양식) )
성인발달장애인 주간활동서비스 제공인력 채용 공고,서초구립한우리정보문화센터,사회복지,사회복지사(사회복지시설),1명,서울특별시 서초구 남부순환로340길 15  (서초동) 서초구립한우리정보문화센터,"- 이용자 및 급여 유형별 프로그램 계획 및 운영 
- 이용자 프로그램 서류, 제공기록지 등 관련서류 작성 및 관리
- 이용자 및 보호자 관리(상담 등)",무관,,(최소연봉) 2500만원,09:00~18:00,주간,2024.05.14,"서류 ,면접","방문,우편,기타( 자사양식, 이메일접수(shcorkr0909@nate.com) )"
서울특별시립양평쉼터 육아휴직 대체인력(계약직) 채용공고-재공고,서울특별시립양평쉼터,사회복지,사회복지사(사회복지시설),1명,경기도 양평군 화전로 264  (용문면) 서울특별시립양평쉼터,입소인 생활지도 및 프로그램 계획·진행 업무,무관,,"(월급) 240만원
								
							
							
						
					  
						상여금 : 60% -
							
							연봉 또는 월급에 포함",09:00~18:00,주간,2024.05.22,,"방문,기타( 이메일 접수(superfrog@nate.com) )"
서울특별시한부모가족지원센터 직원 채용 공고 - 가사서비스지원사업,서울특별시한부모가족지원센터,사회복지,사회복지사(사회복지시설),1명,서울특별시 동작구 현충로 75  (흑석동) 소태산기념관 4층,"가사서비스지원사업 팀원(계약직)
- 가사서비스매칭 등 지원

※ 근로기간: 2024. 5. 20. ~ 2024. 12. 31. (년단위계약/연장가능)",무관,,"(월급) 234만원
								
							
							
						
					  - 면접 후 협의가능 
						상여금 : 60% -
							
							
							연봉 또는 월급에 미포함",09:00~18:00,주간,2024.05.14,"서류 ,면접",기타( 이메일접수 hanbumo861@seoul.go.kr )
서울시립북부장애인종합복지관 육아휴직대체 사회복지사(계약직) 1명 (2024. 4. 29.(월) ~ 5. 14.(화) 18:00 도착분),서울시립북부장애인종합복지관,사회복지,사회복지사,1명,서울특별시 노원구 덕릉로70가길 92  (상계동) .,"육아휴직대체 사회복지사 1명
※ 근무기간: 1년 2개월 이내 변동 가능, 근로계약 시 안내",무관,,(월급) 234만원,09:00~18:00,주간,2024.05.14,기타,"기타( 이메일, 우편접수(마감일 도착분에 한함) )"
서울시립북부장애인종합복지관 중증장애인직업재활지원사업 전문인력(계약직) 1명(2024. 4. 29.(월) ~ 5. 14.(화) 18:00 도착분),서울시립북부장애인종합복지관,사회복지,사회복지사(사회복지시설),1명,서울특별시 노원구 덕릉로70가길 92  (상계동) .,중증장애인직업재활지원사업 장애인재활상담사 또는 사회복지사,무관,,(월급) 243만원,09:00~18:00,주간,2024.05.14,"서류 ,면접 ,기타","기타( 이메일(chamju@nate.com), 우편접수(마감일 도착분에 한함) )"
고양시 일산 탄현역/ 70대 여자 시각장애인 장애인활동지원사 모집,서울특별시시각장애인연합회,사회복지,장애인 생활지도원(장애인활동보조원 포함),1명,경기도 고양시 일산서구 탄중로101번길 36  (덕이동) 101,"고양시 서구/ 탄현역 근처/ 70대여자 시각장애인 / 월270시간/ 일~금, 주6일근무, 08:00~18:00 / 가사활동-반찬, 청소, 세탁, 사회활동- 출퇴근동행, 외출/ 외출시 의상코디도 센스있게 해주실주 있는 분

*장애인 활동지원사 이수증 필수",무관,,(시급) 12500원,08:00~18:00,주간,채용시까지(2개월이내),"면접 ,기타",기타( 전화상담 )
관악구 신림동/ 40대여자 시각장애인 장애인활동지원사 모집,서울특별시시각장애인연합회,사회복지,장애인 생활지도원(장애인활동보조원 포함),1명,서울특별시 관악구 신림로48길 17 -7 (신림동) 101,"관악구 신림동/ 40대 여자시각장애인/ 월210시간/ 월~금 주5일 / 7시50분 근무시작 / 가사활동-반찬,청소,  사회활동- 출퇴근 동행 / 요리잘 하시는 분,  인터넷검색 가능하신분(물건찾고 구매), 
*장애인 활동지원사 이수증 필수",무관,,(시급) 12500원,7:50~16:00,주간,채용시까지(2개월이내),기타,기타( 전화상담 )
동작50플러스센터 직원 채용 공고(중장년 인턴십 전담매니저),동작50+센터,사회복지,기타 사회복지 종사원,1명,서울특별시 동작구 노량진로 140  (노량진동) 메가스터디타워 2층,"○ 전담매니저
 - 사업 운영 및 행정업무 수행
 - 참여자 모집 · 선발 · 교육 · 활동 관리 
 - 참여기업 관리 및 모니터링",무관,,(월급) 239만원,09:00~18:00,주간,2024.05.14,"서류 ,면접",기타( 자사 이메일입사지원(지정양식) )
[채용공고]영등포노인종합복지관 정규직 사회복지사(과장 3급) 긴급 채용공고(24.04.29.(월 ) ~ 24.05.07.(목 )),영등포노인종합복지관,사회복지,사회복지사(사회복지시설),1명,서울특별시 영등포구 도림로 482  (문래동3가) 영등포노인종합복지관,"복지1과 총괄, 노인맞춤돌봄서비스 대표수행기관 네트워크, 연합특별행사, 복지관 사업계획 및 평가 총괄, 실습지도
1명·사회복지사(과장) / 정규직",경력,9년  0개월,"(월급) 300만원
								
							
							
						
					  
						상여금 : 120% -
							
							
							연봉 또는 월급에 미포함",09:00~18:00,주간,2024.05.07,"서류 ,면접","기타( 자사양식, 이메일접수(akablack@nate.com) )"
서울형 전임교사(비담임정교사) 채용,도담공동육아어린이집,사회복지,보육 교사,1명,서울특별시 도봉구 해등로34길 77  (방학동) 쌍문,"*근무형태: 5-6세 통합반 보조교사 근무하다가 교사가 연차를 쓰는경우 담임교사업무로 근무
09:00~18:00시 주5일(휴게시간 1시간)
월 2,172,600원(담임교사수당 280,000)

dobong-i@hanmail.net
이력서+지기소개서 메일지원
즉시 출근가능자",신입,,(월급) 217만원,09:00~18:00,주간,채용시까지(2개월이내),서류,전자우편( dobong-i@hanmail.net )
관악노인종합복지관 계약직 사회복지사(육아휴직대체인력) 채용,시립관악노인종합복지관,사회복지,사회복지사,1명,서울특별시 관악구 보라매로 35  (봉천동) 관악노인종합복지관,지역복지사업,무관,,(월급) 234만원,09:00~18:00,주간,2024.05.03,"서류 ,면접","기타( 자사양식, 이메일접수(gwanak8905@hanmail.net) )"
"[은천동 효,보살핌데이케어센터] 사회복지사 채용합나다.","효,보살핌데이케어센터",사회복지,사회복지사,1명,서울특별시 관악구 은천로 51,"[효,보살핌데이케어센터] 송영, 일반 사무 행정, 어르신 케어 외 
- 근무시간 : 09:00~18:00(휴게시간 : 12:30~13:30) 
- 급여 : 월 2,060,740원(면접 후 협의가능) 
** 접수방법 : 방문, 팩스(02-888-0084), 이메일(bosalpimdaycare@naver.com) 
* 운전 가능자",무관,,"(월급) 207만원
								
							
							
						
					  - 면접 후 협의가능 
						상여금 : 0% -
							
							
							연봉 또는 월급에 미포함",09~18,주간,채용시까지(2개월이내),"서류 ,면접","방문,기타( 전자우편 : bosalpimdaycare@naver.com )"
[원효로1가] 연장반 교사 모집,꿈나무어린이집,사회복지,보육 교사,1명,서울특별시 용산구 백범로 329  (원효로1가) 꿈나무어린이집,"[용산 꿈나무종합타운 어린이집 연장반 교사]

- 직무 : 연장반 아동 보육 및 귀가 지도 등

- 근무시간 : 15:00~19:30(휴게시간 15:10~15:40) / 주5일 근무 

- 급여 : 110만원

- 지원방법 : 통화 후 이력서 지참하여 방문 면접 또는 이메일 지원",무관,,"(월급) 110만원
								
							
							
						
					  
						상여금 : 0% -
							
							
							연봉 또는 월급에 미포함",15:00~19:30,주간,채용시까지(2개월이내),"서류 ,면접","방문,전자우편"
복지관 직원 채용 공고(2024-11차),시립남부장애인종합복지관,사회복지,사회복지사,1명,서울특별시 동작구 여의대방로20나길 40  (신대방동) 서울시립남부장애인종합복지관,"① 여가·가족지원팀 사회복지사(계약직)
 - 서울시장애인가족지원 거점복지관 연계사업 담당
 - 계약기간: 채용일로부터 1년
■ 사회복지사 자격증 소지자",무관,,"(월급) 234만원
								
							
							
						
					  - 면접 후 협의가능",09:00~18:00,주간,2024.05.10,"서류 ,면접","방문,우편,기타( 이메일: ilovenambu@daum.net )"
시립서울청소년센터 직원 (헬스트레이너) 채용,시립서울청소년센터,사회복지,청소년 지도사,○명,서울특별시 중구 을지로11길 23  (수표동) 시립서울청소년센터,"○ 헬스트레이너(팀원)
- 헬스장 운영담당 (헬스회원 지도 및 운영)

근무시간 : 주40시간 근무제 운영 (06:00 ~ 22:00)
- 오전 : 06:00 ~ 15:00 (※휴게시간 포함)
- 오후 : 13:00 ~ 22:00 (※휴게시간 포함)

※ 자세한 사항은 첨부된 채용공고문 또는 기관 홈페이지(http://www.youthc.or.kr/)에서 확인바랍니다.",무관,,(월급) 210만원,채용공고문 참조,기타,2024.05.10,"서류 ,면접",기타( 이메일 접수(zeuscommm123@nate.com) (지정양식) )
구로노인종합복지관 과장(3급) 채용 긴급 재공고,구로노인종합복지관,사회복지,사회복지사(사회복지시설),1명,서울특별시 구로구 새말로16길 7  (구로동) 구로노인종합복지관,"-노인종합복지관 과장 업무
-기타 복지관 사업에 필요한 업무",경력,8년  0개월,"(월급) 316만원
								
							
							
						
					  
						상여금 : 120% -
							
							
							연봉 또는 월급에 미포함",09:00~18:00,주간,2024.05.07,"서류 ,면접 ,신체검사",기타( 공고문 확인 후 이메일 접수 )
서울특별시립여성보호센터 사회복지사 채용 공고,서울특별시립 여성보호센터,사회복지,사회복지사(사회복지시설),1명,서울특별시 강남구 광평로34길 124  (수서동) 서울특별시립여성보호센터,"사회복지사 업무
프로그램 운영 및 관리",신입,,"(월급) 234만원
								
							
							
						
					  
						상여금 : 120% -
							
							
							연봉 또는 월급에 미포함",09:00~18:00,주간,2024.05.02,"서류 ,면접 ,기타","우편,전자우편,기타( 첨부파일 표준이력서 참조 )"
[신대방동] 참사랑재가복지센터 사회복지사 구인,참사랑 재가복지센터,사회복지,사회복지사,1명,서울특별시 동작구 대림로 30,"[신대방동] 참사랑재가복지센터 사회복지사 
- 수급자 방문하여 욕구사정, 요양보호사 업무내용 확인 관리
- 주 5일 근무(09:00~18:00), 주 40시간
- 급여 2,060,740원 
- 사회복지사 자격증 소지자

* 전화 후 방문 지원 010-3306-9522",무관,,"(월급) 206만원
								
							
							
						
					  
						상여금 : 0% -
							
							
							연봉 또는 월급에 미포함",09:00~18:00,주간,채용시까지(2개월이내),면접,"방문,기타( 010-3306-9522 )"
시립강동청소년센터 직원(청소년사업) 채용공고,시립강동청소년센터,사회복지,청소년 지도사,1명,서울특별시 강동구 아리수로93길 47  (강일동) 시립강동청소년센터,- 청소년활동 및 청소년동아리 운영,무관,,(월급) 207만원,09:00~18:00,주간,2024.05.02,서류,"온라인,기타( 첨부파일 공고문 및 지원서 확인 필수. )"
시립동부노인전문요양센터 사회복지사 채용공고(계약직)(긴급),시립동부노인전문요양센터,사회복지,사회복지사,1명,서울특별시 성동구 마장로23길 12  (홍익동) 시립동부노인전문요양센터,사례관리 및 복지업무 담당,무관,,"(월급) 240만원
								
							
							
						
					  - 면접 후 협의가능",09:00~18:00,주간,2024.05.01,"서류 ,면접","방문,전자우편,기타( 첨부파일 입사지원서 확인 필수 )"
[영등포구 신길동] 우리노인복지센터 사회복지사 구인,우리노인복지센터,사회복지,사회복지사,1명,"서울특별시 영등포구 대방천로 185 -1 (신길동) (2층,신길동)","[영등포구 신길동] 우리노인복지센터 사회복지사

- 수급자 방문하여 욕구사정, 요양보호사 업무내용 확인 관리
- 주 5일 근무(09:00~18:00), 주 40시간
- 급여 : 220만원(면접 후 협의가능)
- 사회복지사 2급 이상으로 경력 3년 이상 
- 문의 : 010-7510-0362",경력,3년  개월,"(월급) 220만원
								
							
							
						
					  - 면접 후 협의가능 
						상여금 : 0% -
							
							
							연봉 또는 월급에 미포함",09:00-18:00,주간,채용시까지(2개월이내),면접,"방문,팩스,기타( seosk0362@hanmail.net )"
"[채용] 공고 2024-12호 시립마포노인종합복지관 사회복지사(4급, 정규직) / 접수기간 : 4.24.(수)~5.9.(목) 14:00까지",시립마포노인종합복지관,사회복지,사회복지사(사회복지시설),1명,서울특별시 마포구 서강로 68  (창전동) 시립마포노인종합복지관,노인종합복지관 사회복지업무 전반,경력,3년  0개월,"(월급) 237만원
								
							
							
						
					  
						상여금 : 60% -
							
							
							연봉 또는 월급에 미포함",09:00~18:00,주간,2024.05.09,"서류 ,면접 ,기타",기타( 이메일 접수(mapo-recruit@hanmail.net) )
[긴급] 서울시립영등포보현종합지원센터 사회복지사 채용 긴급 재공고,서울시립영등포보현종합지원센터,사회복지,사회복지사,1명,서울특별시 영등포구 버드나루로 24  (영등포동2가) 서울시립영등포보현종합지원센터,"노숙인 복지서비스제공, 프로그램 사업, 당직근무 등",무관,,"(월급) 261만원
								
							
							
						
					  
						상여금 : 120% -
							
							
							연봉 또는 월급에 미포함",09~18,주간,2024.05.02,"서류 ,면접",기타( 첨부파일 자사 (지정양식) 이메일 입사지원 )
방문사회복지사모집,행복한재가노인복지센터,사회복지,사회복지사(사회복지시설),1명,서울특별시 동작구 만양로8길 64,"어르신방문업무(주업무) 및 서류업무
엑셀,워드필수
사회복지사2급이상 필수
월급:최저시급+교통비10+식비10",무관,,"(시급) 9860원
								
							
						
					  
						상여금 : 0% -
							
							
							연봉 또는 월급에 미포함",09:00~18:00,주간,채용시까지(2개월이내),"서류 ,면접","팩스,전자우편"
2024년 서울시립청소년자립지원관(혼합형) 야간보호상담원 채용 재공고(2024.04.23.(화) ~ 05.08.(수) 24:00까지),서울시립청소년자립지원관,사회복지,사회복지사,1명,서울특별시 도봉구 시루봉로15길 93  (방학동) 2동,"- 입소청소년 야간 안전관리 및 생활지도
- 사무업무 지원
- 그 밖에 야간보호활동에 필요한 업무 등",무관,,(시급) 11436원,22:00~익일 09:00,격일,2024.05.08,"서류 ,면접",기타( 자사 이메일 입사지원(지정양식) )
2024-7호 시립서대문농아인복지관 직원 채용 공고,시립서대문농아인복지관,사회복지,사회복지사,2명,서울특별시 서대문구 수색로4가길 23  (남가좌동) 남가좌동,붙임서류 참조,무관,,"(최소연봉) 3000만원
									
								
							
							
							
							
						
					  
						상여금 : 120% -
							
							연봉 또는 월급에 포함",09:00~18:00,주간,2024.05.08,"서류 ,면접","온라인,방문,기타( 이메일 접수(jysily@sdeaf.org) )"
[구로구 고척동] 60대 여자 시각장애인 장애인활동지원사 모집,서울특별시시각장애인연합회,사회복지,장애인 생활지도원(장애인활동보조원 포함),1명,서울특별시 구로구 중앙로1길 18 -19 (고척동) 101,"구로구 고척동/ 60대 여자 시각장애인/ 월 198시간/  
월~금 , 토요일 격주 근무 /  오전5:50~ 13:00,까지근무 (주1회는14:30분 퇴근)

활동지원사 차량필수, 운전가능한분/ 주로 사회활동_출퇴근 동행,  주1회 병원/   
*활동지원사 이수교육증 필수",신입,,(시급) 12500원,05:50~13:00,주간,채용시까지(2개월이내),기타,기타( 전화상담 )
서울시각장애인생활이동지원센터 행정사무원 모집 공고,서울시각장애인생활이동지원센터,사회복지,사회복지사(공공행정),1명,"서울특별시 동작구 상도로 216  (상도동) 인경빌딩 3, 4층","행정사무업무




※ 자세한 사항은 첨부된 채용공고문 또는 기관 홈페이지 https://kbucall.org/main.do 공지사항에서 확인바랍니다.",무관,,"(월급) 234만원
								
							
							
						
					  
						상여금 : 120% -
							
							
							연봉 또는 월급에 미포함",09:00~18:00,주간,2024.05.06,"서류 ,면접",기타( 이메일접수(kbuseoul2@hanmail.net) )
장애인 활동지원사 구인(중화동/지체장애인),한사랑노인복지센터,사회복지,장애인 생활지도원(장애인활동보조원 포함),1명,서울특별시 중랑구 동일로129길 35,"-중화2동 여성 지체장애인 40대 활동지원
-종합복지관, 삼육병원 재활치료 동해등의 (사회활동지원)
-07:00-15:00/주5일  
-시급12,500원",무관,,(시급) 12500원,07:00~15:00,주간,채용시까지(2개월이내),면접,기타( 유선통화 )
동대문구 답십리동/  60대여자 시각장애인 장애인활동지원사 모집,서울특별시시각장애인연합회,사회복지,장애인 생활지도원(장애인활동보조원 포함),1명,서울특별시 동대문구 답십리로 141  (답십리동) 101,"동대문구 답십리동/ 60대여자시각장애인/ 월90~100시간/ 월,수,금 9~17시 또는 10~18시 일8시간/  가사활동. 사회활동",무관,,(시급) 12500원,9:00~17:00,주간,채용시까지(2개월이내),기타,기타( 전화상담 )
[동작구 상도동 ] 사회복지사 경력자 구인,청남노인요양공동생활가정,사회복지,사회복지사,1명,서울특별시 동작구 강남초등8길 20,"[동작구 상도동] 청남노인요양공동생활가정 사회복지사 : 경력자    

* 회계서류 및 입소어르신 프로그램 담당   
* 급여 :  210만~220만원

** 이력서, 자기소개서 팩스 또는 이메일 접수  
-팩스 070-8981-6976 
-이메일 cjdskadydid@hanmail.net",경력,1년  개월,"(월급) 210만원
								
							
							
						
					  
						상여금 : 0% -
							
							
							연봉 또는 월급에 미포함",09:00~18:00,주간,채용시까지(2개월이내),"서류 ,면접","팩스,기타( 이메일 접수 cjdskadydid@hanmail.net )"
사회복지사  선생님 구합니다,강남동산 재가노인복지센터,사회복지,사회복지사,1명,서울특별시 강남구 논현로12길 23 -10 (개포동) 301호,"1.어르신 댁 정기적인 방문 및 상담
2.기관 관련 행정 서류 및 전화상담
3.기관 관련 상담 요청시 상담 등 
4.블러그 및 홈피 관리 등",경력,3년  개월,"(월급) 210만원
								
							
							
						
					  - 면접 후 협의가능",09:00~18:00,주간,채용시까지(2개월이내),"서류 ,면접",온라인
[화곡동] 재가센터 사회복지사 모집,좋은사람들재가요양복지센타,사회복지,사회복지사,1명,서울특별시 강서구 월정로 142,"-대상자 방문, 상담일지 작성, 사례관리, 요양보호사 관리 등
-09:00~18:00, 주5일
-월2,060,740원
-경력자 및  가능자 우대",신입,,"(월급) 207만원
								
							
							
						
					  
						상여금 : 0% -
							
							
							연봉 또는 월급에 미포함",09:00~18:00,주간,채용시까지(2개월이내),"서류 ,면접",기타( 전화 후 방문 )
서울형키즈카페 대방동점 운영요원 채용,서울동작구육아종합지원센터,사회복지,기타 사회복지 종사원,1명,서울특별시 동작구 여의대방로36길 11  (대방동) 4층 동작키즈카페 대방동점,"- 이용자 예약관리, 이용 상담, 육아 상담 및 정보제공 서비스
- 기타 구비 서류 및 행정 관리
- 시설 안전, 위생, 청결 관리
- 기타 육아종합지원센터에서 지정한 업무",무관,,"(월급) 242만원
								
							
							
						
					  
						상여금 : 60% -
							
							연봉 또는 월급에 포함",09:00~18:00,주간,2024.05.06,"서류 ,면접",기타( 자사 이메일입사지원(지정양식) )
서울특별시립 서부아동복지센터 상담지도원(육아휴직 대체) 채용 공고,서울특별시립 서부아동복지센터,사회복지,사회복지사,1명,서울특별시 은평구 백련산로14길 20 -11 (응암동) 서울특별시립 서부아동복지센터,"■ 아동 입퇴소 관리, 상담 및 사례관리 지원 등",무관,,"(월급) 246만원
								
							
							
						
					  - 면접 후 협의가능",09:00~18:00,주간,2024.05.05,"서류 ,면접 ,신체검사",기타( 자사 이메일입시지원(지정양식) )
[동작구 상도동] 상도종합사회복지관 서비스지원팀 사회복지사 모집 /접수마감 5월1일 16시까지,상도종합사회복지관,사회복지,사회복지사,1명,서울특별시 동작구 상도로39가길 7,"[동작구 상도동] 상도종합사회복지관 서비스지원팀 사회복지사 모집 /접수마감 5월1일 16시까지

- 사례관리팀 업무
- 급여: 월2.464.000원 (서울시 사회복지시설 종사자 인건비 지급기준에 따른 협의)
- 필수: 사회복지사 2급이상 자격소지자, 1종보통 운전면허 소지자(실제운전가능자)
- 우대: 사회복지시설 유경험자, 경력자

- 제출서류: 이력서 및 자기소개서(반드시 기관제공 양식작성 제출), 최종학교 졸업증명
서, 최종학교 성적증명서, 각종 자격증 사본, 경력증명서 각 1부
- 제출방법 : 우편, 내방, 이메일(happysangdo@nate.com) 접수
- 이력서 및 자기소개서 한글파일에 모든 자료를 첨부하여 하나의 파일로 제출할 것
- 지원서류 자사양식 첨부",무관,,"(월급) 246만원
								
							
							
						
					  
						상여금 : 0% -
							
							
							연봉 또는 월급에 미포함",09:00~18:00,주간,2024.05.01,"서류 ,면접","방문,우편,기타( 메일 happysangdo@nate.com )"
망원동] 재가센터 사회복지사 채용,참사랑재가센터,사회복지,사회복지사,1명,서울특별시 마포구 희우정로 100  (망원동) 302,"망원동 참사랑재가센터 사회복지사 업무
- 어르신댁 방문 및 요양보호사 관리
- 주5일 09-18시 / 월 210만원
- 차량유지비 및 식대 별도",무관,,"(월급) 210만원
								
							
							
						
					  
						상여금 : 0% -
							
							
							연봉 또는 월급에 미포함",09:00~18:00,주간,채용시까지(2개월이내),면접,"방문,기타( 전화 )"
서울시립동대문노인종합복지관 노인맞춤돌봄서비스(특화서비스) 전담 사회복지사 채용공고,동대문노인종합복지관,사회복지,기타 사회복지 종사원,1명,서울특별시 동대문구 제기로33길 25  (청량리동) 동대문노인종합복지관,"시립동대문노인종합복지관에서는 탁월한 실력과 좋은 성품을 겸비하고 우리 복지관의 비전과 미션을 이루기 위해 함께 일할 수 있는 직원을 다음과 같이 모집합니다.

1. 채용분야 및 규모
1) 채용인원 : 총 1명
2) 채용분야 및 직무 : 노인맞춤돌봄서비스(특화) 전담 사회복지사 1명

2. 근무조건
1) 고용형태 : 계약직(비정규직) *수습기간 3개월
※ 임용 후 3개월 간 수습 기간을 거치며 수습 기간 동안의 근무 평가 실시할 수 있음.
(근무 성적이 불량 또는 중대 결격사유가 있는 경우 임용취소 가능)
2) 근무시간 : 주 40시간(1일 8시간 근무)
3) 보수수준 : 2024년 노인맞춤돌봄서비스 사업안내 지침에 따름

구분
전담사회복지사
비고
경력 1년 이상~2년 미만 2,145,000
경력 2년 이상~4년 미만 2,248,000
경력 4년 이상 2,360,000
본인부담금 포함

4) 근무지 : 시립동대문노인종합복지관
5) 주요 직무내용 : 기관 업무분장에 따라 채용직무와 관련한 전반적인 업무수행(단, 담당 업무는 세부 업무 분장 및 기관 내부 사정 등에 따라 변경될 수 있음.)
6) 계약기간 : 채용 시부터 1년
※ 연 단위 근로계약 체결하며, 연말 근무 평가를 통해 연장계약 가능함. (단, 해당 사업이 본 기관에서 종료되거나 타 기관으로 이관 시에는 본 기관에서의 근로가 종료될 수도 있음.)

3. 지원 자격(응시요건, 공고일 현재 기준)
1) 공통자격
- 응시 연령, 성별 제한 없음.(단. 「정부의 인건비 보조금 지급 연령 상한기준」에 의거 공고일 기준으로 정부나 지자체에서 인건비를 지원하는 시설에 대한 종사자의 정년(만 60세)을 초과하지 않는 자. 임용 후 만 60세에 도달하는 해에 정년퇴직 대상자에 포함.)
- 다음의 결격사유에 해당하지 않는 자.
？ 사회복지사업법에 따라 사회복지시설 종사자 결격사유에 해당하는 자.
？ 채용 신체검사에 부적격 판정을 받은 자
？ 범죄 및 성폭력 범죄 조회 시 결격사유에 해당하는 자
※ 상기 내용에 어느 하나라도 결격사유에 해당 시, 임용이 확정된 후라도 이를 취소할 수 있음.

2) 응시자격
- 사회복지사 자격증 소지자(공고일 기준으로 해당 자격을 갖춘 자)
- 컴퓨터 활용 능력 및 문서 작성(아래 한글 등)이 능숙한 자
- 어르신에게 친절하고 소통이 원만한 자
- 돌봄 어르신 차량 지원 서비스 가능자 우대

4. 채용전형 일정 및 기준
1) 채용단계별 전형내용
① 서류심사
- 심사내용 : 기본 자격요건 충족 여부, 자격 및 경력 사항/ 응시지원서 및 자기소개서 작성 내용 평가.
- 합격기준 : 서류심사 평가를 통해 채용인원의 5배수 이내 고득점자순으로 선발
(단, 서류심사 시 심사위원 전원의 점수를 합산하여 낸 평균 점수가 70% 미만일 때, 득점순서와 상관없이 불합격 처리됨.)
② 면접심사
- 응시대상 : 서류심사 합격자
- 심사내용 : 일반사항(건강, 복장, 태도 등), 자기 이해 및 가치관, 직업관 및 사회복지 자세, 관계 및 책임감, 사고력 및 대처능력, 전문기술에 대한 항목별 평가
- 합격기준 : 면접심사최고 득점자순으로 채용 인원수 이내 선발
(단, 면접심사 시 심사위원 전원의 점수를 합산하여 낸 평균 점수가 80% 미만일 때, 득점순서와 상관없이 불합격 처리됨.)
③ 증빙서류 등록심사
- 응시대상 : 면접심사 합격자
- 합격기준 : 증빙서류에 이상이 없고, 지원자격에 결격사유가 없는 경우 최종 선발

2) 채용일정
채용공고 및 입사지원서 접수
○ 접수기간: 2024. 4. 16.(화)~2024. 5. 1.(수) 까지
※ 접수처 이메일 도착시간 내 접수분에 한함.
○ 발표일: 2024. 5. 7.(화) 예정
※ 복지관 홈페이지 개시 및 합격자 개별 연락
○ 면접일 : 추후 일정 안내
○ 면접장소 : 시립동대문노인종합복지관 내
※ 면접 심사 시작 30분 전까지 반드시 면접 대기 장소 입실
※ 응사자 본인 확인을 위한 신분증(주민등록증, 운전면허증, 여권 중 1개) 반드시 지참.
※ 면접 심사 시작 30분 전까지 반드시 면접 대기 장소 입실
○ 발표일 : 추후 일정 안내
※ 복지관 홈페이지 개시 및 합격자 개별 연락
○ 등록기간 : 면접심사 합격자 발표 후, 7일 이내(토·일요일, 공휴일 제외) 해당 증빙서류 제출
○ 등록방법 : 증빙서류(원본) 복지관 제출
※ 자격 미소지, 제출 지연 혹은 미제출 시 불합격 처리.
※ 자격 미소지, 제출 지연 혹은 미제출 시 불합격 처리.
○ 발표일 : 증빙서류 등록심사 완료 확인 후, 최종합격자 발표 예정


※ 서류심사 및 면접심사 결과 발표는 복지관 홈페이지 게시 및 합격자에 한 해 개별 연락할 예정.
※ 상기 전형일정, 면접장소, 진행방식은 코로나19 상황 또는 복지관 사정에 따라 변경될 수 있으며, 변경 시 추후 복지관 홈페이지 게시 예정.

5. 지원서 접수 및 제출서류
1) 접수 및 지원방법
- 공고기간 : 2024. 4. 16.(화)~2024. 5. 1.(수) 까지
- 접수서류 : 입사지원서, 자기소개서, 개인정보제공·이용 동의서(단, 본 복지관이 첨부한 서류양식만 사용)
※ 블라인드 채용을 위해 작성 시, 연령, 성별, 출신지역, 출신학교 등이 노출되지 않도록 주의 필요
- 접수처 : 온라인 접수(ddmsenior@naver.com) *우편 또는 방문 접수 불가
※ 우편 또는 방문으로는 응시원서를 접수받지 않으며, 인터넷 접수 마감일에는 지원자 폭주로 접수가 되지 않을 수 있으므로 미리 접수 요망.
※ 입사지원서 최종 제출 이후 수정 불가.
※ 본 복지관 지정된 서류양식 미사용 시 서류접수가 안됨으로 주의 바람.
※ 입사지원서(자기소개서, 개인정보제공·이용 동의서 포함) 이외 증빙서류는 면접심사 최종합격자만 제출하며, 입사지원서를 제출할 때에는 제출하지 않음.
※ 입사지원서, 입사지원서 작성 및 제출 시 주의사항, 입사지원자 개인정보 수집 및 이용 동의서 등 서명？날인이 필요한 서류는 반드시 해당 서류에 서명？날인을 해서 제출.
- 지원서 이메일 제목 작성 방법 : 입사 지원 메일의 제목은 “입사지원서_성명(노인맞춤돌봄 특화 담당자)” 순으로 메일 제목을 작성할 것. *작성 예 : 입사지원서_홍길동(노인맞춤돌봄 특화 담당자)

2) 증빙서류 등록심사 해당 서류(면접합격자만 제출)
- 주민등록등본(주민등록번호 13자리 표시)
- 최종학력증명서
- 성적증명서
- 경력증명서(해당자에 한함)
- 병력필증명서(해당자)
- 채용신체검사서
- 응시자격에 해당하는 자격증 또는 면허증
- 범죄경력조회동의서, 노인학대 및 장애인학대 경력조회동의서
- 개인정보제공·이용 동의서 및 가족 채용 제한 여부 확인서
(단, 채용 관련 업무에 필요할 경우 추가자료를 제출할 수 있음.)
※ 심사서류는 원본을 원칙으로 하며, 자격증은 원본을 복지관에서 확인한 후 사본을 제출할 수 있음.

6. 특전 및 복지혜택 : 한국사회복지공제회 사회복지시설 단체상해보험 가입

7. 지원자 유의사항
1) 채용공고 안내문 미숙지, 지원서 기재 착오 및 누락, 연락 불가능, 중복지원, 미자격자 지원, 서류 접수 미확인, 채용공고 및 변경공지 내용 미숙지 등으로 초래되는 불이익은 모두 당사자 부담으로 하며, 응시자가 제출한 모든 서류에 대해 발급기관의 확인을 거칠 예정임(기재 내용이 허위로 판명될 때에는 임용된 다음이라도 합격을 취소함).
2) 「채용절차의 공정화에 관한 법」 제11조제1항에 근거하여 이메일로 접수된 채용서류는 반환되지 않으며, 제출서류 중 기재된 내용이 허위일 경우 합격을 취소하거나 채용(임용)을 무효로 함.
3) 적격자가 없을 시 채용하지 않을 수 있으며, 합격자 통지 후 관계 법령에 따라 범죄경력조회 및 채용신체검사, 제출서류 검증 등을 통해 결격사유가 발견될 경우는 합격이 취소될 수 있음.
4) 채용 합격자가 없는 경우(적격자가 없거나 응시자가 없을 시) 재공고할 수 있으며, 공고문의 내용이 복지관 사정으로 변경될 때는 변경사항을 시립동대문노인종합복지관 홈페이지 게시판에 공고함.(다만 변경된 공고내용을 확인할 책임은 응시(지원)자에게 있으며 개별적으로 안내하지 않을 수 있음.)
5) 시립동대문노인종합복지관 홈페이지를 방문해 복지관의 미션과 비전, 대표사업, 인재상 등 참고.
6) 입사지원서(자기소개서, 개인정보동의서 포함) 성명 기재 및 확인란에 반드시 서명해 제출.
7) 블라인드 채용을 위하여 작성 시 연령, 성별, 출신지역, 출신학교 등이 노출되지 않도록 주의를 바라며, 노출 시 불합격 등의 불이익이 발생할 수 있음.
8) 채용인원 및 단계별 전형내용, 일정은 복지관 내부 사정으로 변경될 수 있음.
9) 본 사업이 종료되거나 (근무)계약 기간이 종료되면 자동으로 근로계약이 종료됨.
10) 최종합격자의 입사 포기 또는 제출서류 허위사실 판명, 신원조회 결과 부적격 판정, 지원자격 미달 시 합격을 취소하며, 예비합격자(차순위자)를 최종합격 처리할 수 있음.

8. 문의처
- 연락처 : 02-963-0565
- 홈페이지 : www.happysenior.or.kr
- 주소 : 서울시 동대문구 제기로33길 25 (청량리동 11-1) 동대문노인종합복지관
- 담당자 : 이고운 서무",무관,,"(월급) 214만원
								
							
							
						
					  
						상여금 : 0% -
							
							
							연봉 또는 월급에 미포함",09:00-18:00,주간,2024.05.01,"서류 ,면접",전자우편
방배동 아람마주 어린이집 /보조교사 모집,아람마주이야기 어린이집,사회복지,보육 교사,2명,서울특별시 서초구 동광로12길 12  (방배동) 방배동,"방배동 보조교사 구인

-근무시간 : 09:00~13:30/ (주5일) 휴게시간 30분     

-급     여 : 월급1,068,000원 

-기타내용 : 보육교사 자격증 필수 / 이력서 방문 또는 이메일majuiyagi@daum.net 접수",무관,,"(월급) 106만원
								
							
							
						
					  
						상여금 : 0% -
							
							연봉 또는 월급에 포함",09:00~13:30,주간,채용시까지(2개월이내),면접,"방문,기타( 이메일majuiyagi@daum.net 문의010-8234-5153 )"
시립고덕양로원/생활지도원 채용 공고,시립고덕양로원,사회복지,노인 생활지도원,1명,서울특별시 강동구 고덕로 199  (고덕동) 시립고덕양로원,"* 자격조건 :
o 사회복지사 자격증 소지자(필수) 
o 인정경력 6년 이하 인자(필수) 
o 요양보호사 자격증 소지자 우대
o 노인주거시설 근무 경력자 우대
o 2종 보통 이상 운전면허 소지자(실제 운전 가능자) 우대

* 업무내용 :
- 자원봉사자 관리 및 후원자 관리, 교육, 어르신 일상생활지원 등의 업무수행 가능한 자 1명.
* 생활시설이기때문에 주말근무(당직) 가능해야 함
* 월 15시간내로 시간외 근무 (별도 수당 지급)",무관,,"(월급) 234만원
								
							
							
						
					  - 면접 후 협의가능 
						상여금 : 120% -
							
							
							연봉 또는 월급에 미포함",09:00~18:00,주간,2024.05.01,"서류 ,면접",기타( 지정양식 작성후 이메일 접수  69yangro@hanmail.net )
[상도동] 동광어린이집 연장반교사 구인,동광어린이집,사회복지,보육 교사,1명,서울특별시 동작구 성대로1가길 14,"[상도동] 동광어린이집 연장반교사 구인

- 오후시간 유아보육업무
- 보육2급이상 자격소지자
- 14:30~19:00 (휴게30분포함)
- 월1.068000원",무관,,"(월급) 107만원
								
							
							
						
					  
						상여금 : 0% -
							
							
							연봉 또는 월급에 미포함",14:30~19:00,주간,채용시까지(2개월이내),"서류 ,면접","방문,기타( 메일	yourasie45@naver.com )"
장애인활동지원사 모집 - 시각장애 여성 / 독산동 금천롯데캐슬골드파크,대한재가복지센터,사회복지,장애인 생활지도원(장애인활동보조원 포함),1명,서울특별시 금천구 시흥대로 291 독산동 금천롯데캐슬골드파크,"[장애인활동보조인 모집] 

직무: 30대 후반 시각장애 여성 돌봄
- 장애인활동보조인 교육 이수자
- 직장(문래동)에서 집(독산동)으로 지하철 이동지원
- 가사지원 등 
- 컴퓨터 활용 가능한 분 

근무시간: 12:00~19:00, 토5시간 / 토요격주근무

시급: 12,400원 

* 전화지원 (02-2633-6070)",무관,,(시급) 12400원,12:00~19:00,주간,채용시까지(2개월이내),면접,기타( 전화지원(02-2633-6070) )
"[서초역, 초록어린이집] 연장반 교사 모집",초록어린이집,사회복지,보육 교사,1명,"서울특별시 서초구 명달로20길 33  (서초동) (서초동, 진흥골든빌라) 101호","- 서초역, 초록어린이집 
- 연장반 교사, 연장반 보육
- 보육교사 3급이상 자격증 필수
- 근무시간 : 15:30~20:00 / 주5일 근무
- 휴게시간 : 16:00~16:30 
- 급여 : 월 1.198.000원
- 지원 :",무관,,"(월급) 119만원
								
							
							
						
					  
						상여금 : 0% -
							
							연봉 또는 월급에 포함",15:30~20:00,주간,채용시까지(2개월이내),면접,"방문,전자우편,기타( diagoodac@hanmail.net )"
시흥동]요양원 사회복지사 모집,로뎀복지요양원,사회복지,사회복지사,1명,서울특별시 금천구 시흥대로59길 20,"요양원 사회복지업무    (치매교육이수자 우대) 

근무시간 : 09:00-18:00  주5일근무  40시간,    
휴무일 : 평일 1일/ 주말(토.일)중   1일 
급여 : 210만원 
○ 수습기간: 1개월",무관,,(월급) 210만원,09-18,주간,채용시까지(2개월이내),면접,방문
사회복지사 구인,가족재가복지센터,사회복지,사회복지사,1명,서울특별시 강북구 인수봉로 252,"* 재가센터 라운딩 및 행정 업무
* 09:00~18:00(1시간 휴게)/주 5일/월 220만원~월 230만원(임금 협의)
* 근로계약; 13개월
* 6개월 이상 경력자  우대
* 접수방법 : 방문 또는 이메일  kimsk522@naver.com
* 제출서류 : 이력서, 자기소개서",경력,년  6개월,(월급) 220만원,09:00~18:00,주간,채용시까지(2개월이내),면접,"방문,기타( kimsk522@naver.com )"
세이브더칠드런 서울중부아동보호전문기관 계약직 사회복지사(아동학대전문상담원) 채용 공고,서울중부아동보호전문기관,사회복지,사회복지사(사회복지시설),1명,서울특별시 마포구 신수로 46  (신수동) 4층,상담원(아동학대 현장조사 지원 및 사례관리 등),무관,,"(월급) 236만원
								
							
							
						
					  
						상여금 : 0% -
							
							
							연봉 또는 월급에 미포함",09:00~18:00,주간,2024.05.15,"서류 ,면접",기타( 지정양식 이메일 접수 또는 채용사이트 지원 )
[대방동] 대방보듬이나눔이 어린이집 대체교사 구인,구립대방보듬이나눔이어린이집,사회복지,보육 교사,1명,서울특별시 동작구 대방동15길 10  (대방동) 구립대방보듬이나눔이어린이집(대방동),"[대방동] 대방보듬이나눔이 어린이집 대체교사 구인

- 영아반(만1세반) 교육 및 보육활동 
- 대체근무기간 : 2024. 06.01~2025. 03.31
- 보육교사 2급자격소지자 (필수)
- 월 2.172.600원 (호봉제 보육사업지침 준용)
- 주5일 09:00~18:00 (휴게시간 12:00~13:00) 
- 메일로 이력서 지원 /  bonachild@hanmail.net",무관,,"(월급) 217만원
								
							
							
						
					  
						상여금 : 0% -
							
							
							연봉 또는 월급에 미포함",09:00~18:00,주간,채용시까지(2개월이내),"서류 ,면접",기타( 메일지원   bonachild@hanmail.net )
구로노인종합복지관 병설 구로데이케어센터 계약직 사회복지사 채용 재공고,구로노인종합복지관,사회복지,사회복지사,1명,서울특별시 구로구 새말로16길 7  (구로동) 1층 구로데이케어센터,"-이용인 사례관리
-이용인 서비스 지원
-이용인 송영
-행정 및 기타지원 업무 등",무관,,(최소연봉) 3110만원,09:00~18:00,주간,2024.05.09,"서류 ,면접 ,신체검사",기타( gurosenior2@hanmail.net )
[구인] 시립창동인터넷중독예방상담센터 직원 채용 공고(예방연구팀 행정직 -육아휴직대체) / 접수기간 : 4.2.(화)~4.9.(화,시립창동인터넷중독예방상담센터,사회복지,심리상담 전문가,1명,서울특별시 도봉구 노해로69길 132  (창동) 창동청소년수련관 1층 창동인터넷중독예방상담센터,"행정업무
- 각종 행정서류 취합 
- 시설 및 안전점검 관리
- 사업관련업무


※자격기준 (아래 자격 중 택1) 
- 전문대학을 졸업하거나 이와 같은 수준 이상의 학력이 있다고 다른 법령에서 인정받은 사람으로 해당 업무를 수행할 수 있다고 인정되는 자
- 행정실무관련 자격증 소지자로 1년 이상 경력자



※ 자세한 내용은 첨부된 채용공고문에서 확인바랍니다.",무관,,(월급) 229만원,09:00~18:00,주간,채용시까지(2개월이내),"서류 ,면접",기타( 이메일 지원 recruit@cdiwill.or.kr )
[면목동] 사회복지사 채용공고,중랑재가복지센터,사회복지,사회복지사,1명,서울특별시 중랑구 봉우재로14길 13  (면목동) 2층,"* 중랑재가복지센터 사회복지사 
* 라운딩업무, 행정업무(방문업무)
* 운전면허증 무관
* 09:00~18:00/주5일/월2,060,00원",경력,1년  개월,(월급) 207만원,09:00~18:00,주간,채용시까지(2개월이내),"서류 ,면접","방문,팩스"
[잠실동] 아이누리어린이집 연장반교사 모집,잠실아이누리어린이집,사회복지,보육 교사,1명,서울특별시 송파구 잠실로 88  (잠실동) 116동 101호,"□ 직무내용 : 오후 연장반 보육 , 보육교사자격증필수
□ 근무조건 : 15:30~19:30(주5일)
□ 급여조건 : 1,068,000원
□ 접수방법 : 이메일(dang8344@hanmail.net)접수 
□ 제출서류 : 이력서
□ 전형절차 : 면접
□ 교 통  편 : 지하철 2호선 잠실역",무관,,(월급) 106만원,15:30~19:30,주간,채용시까지(2개월이내),면접,"방문,기타( 이메일(dang8344@hanmail.net) )"
[둔촌동] 2등급 여자어르신 돌보실 요양사님을 모집합니다.,실버아트재가복지센터,사회복지,기타 종교 종사자,1명,서울특별시 강동구 명일로13길 5  (둔촌동) 2층,"대상: 2등급 여자어르신
시간: 14~18시  주20시간 / 12400원.",무관,,(시급) 12400원,14~18시,주간,채용시까지(2개월이내),,"방문,기타( 전화 통화 )"
(화곡동) 사회복지사 구인,강서선영재가복지센터,사회복지,사회복지사,1명,서울특별시 강서구 가로공원로 222 -1,"강서선영재가복지센터 사회복지사 
- 근무시간: 09:00~18:00, 주 5일
- 월급: 2,060,740원

*입사지원: 이력서 및 자소서 이메일(sy3236@hanmail.net) 접수. 면접대상자 개별 안내
*경력자, 평가경력자 우대",무관,,"(시급) 9860원
								
							
						
					  
						상여금 : 0% -
							
							
							연봉 또는 월급에 미포함",09:00~18:00,주간,채용시까지(2개월이내),면접,"전자우편,기타( 이메일(sy3236@hanmail.net) )"
[면목동] 사회복지사 채용 구인,(A+)평화요양원,사회복지,사회복지사,1명,서울특별시 중랑구 중랑천로 52,"* 재가사회복지업무 및, 어르신케어 관련 업무 
* 경력자 우대(6개월이상)/성실하신분
* 점심제공
* 9~18시/주5일(월~금)
* 월2,060,740원",무관,,"(월급) 207만원
								
							
							
						
					  
						상여금 : 0% -
							
							
							연봉 또는 월급에 미포함",09:00~18:00,주간,채용시까지(2개월이내),면접,방문
[면목동] 동행재가복지센터 사회복지사 구인,동행재가복지센터,사회복지,사회복지사,1명,서울특별시 중랑구 겸재로9길 5,"* 동행재가복지센터 사회복지사 
* 라운딩업무,행정업무(방문요양)
* 운전면허증 무관
* 09:00~18:00 / 주5일 / 월2,060,740원


**유선통화 후 이력서 지참 방문면접 (문의 010-8928-0678)",무관,,"(월급) 207만원
								
							
							
						
					  
						상여금 : 0% -
							
							
							연봉 또는 월급에 미포함",09:00~18:00,주간,채용시까지(2개월이내),"서류 ,면접",방문
[신내동] 시설장(센터장) 모집,참좋은 방문요양센터,사회복지,사회복지사,1명,서울특별시 중랑구 신내로 135,"- 재가복지센터의 사업전반 및 인력, 회계, 급여청구 등 업무총괄
- 사회복지사 2급 이상 필수
- 재가복지센터장 경력자 및 공단급여청구 가능자 우대
- 09:00~18:00/주5일(휴게1시간)
- 월230만원(면접후 협의가능)

* 2024.5.1. 근무시작",무관,,"(월급) 230만원
								
							
							
						
					  - 면접 후 협의가능",09:00~18:00,주간,채용시까지(2개월이내),면접,"방문,팩스,기타( 전화 )"
만0세반 보육교사를 구인합니다,여명어린이집,사회복지,보육 교사,1명,서울특별시 강남구 역삼로67길 11  (대치동) (대치동) 1층,"- 업무 : 0세반 보육교사 /보육교사자격증 

- 급여 : 2,172,600원이상 / 협의가능 / 1식제공

- 근무시간 : 09:30~18:30  (주5일) 근무시작은 협의

-이력서, 자기소개서, 경력증명서, 이메일 지원 lyh2686@hanmail.net / 면접은 개별연락드립니다.",무관,,"(월급) 217만원
								
							
							
						
					  - 면접 후 협의가능 
						상여금 : 0% -
							
							연봉 또는 월급에 포함",09:30~18:30,주간,채용시까지(2개월이내),"서류 ,면접","방문,전자우편,기타( 이메일 lyh2686@hanmail.net 또는 워크넷 )"
시립망우청소년센터 직원(청소년활동팀 팀원) 채용 공고 / 접수기간: 4. 30.(화) ~ 5. 16.(목)까지,서울시립망우청소년센터,사회복지,청소년 지도사,2명,서울특별시 중랑구 송림길 156  (망우동) 망우청소년센터,"청소년활동 프로그램 
기획 및 운영



※ 자세한 사항은 첨부된 채용공고문 또는 기관 홈페이지 http://mangwoo.kr/ 에서 확인바랍니다.",경력,1년  0개월,(최소연봉) 3087만원,09:00~18:00,주간,2024.05.16,"서류 ,면접",기타( 이메일 접수 mangwooyc@hanmail.net )
강남구 일원동/ 70대초 여성시각장애인 장애인활동지원사 모집,서울특별시시각장애인연합회,사회복지,장애인 생활지도원(장애인활동보조원 포함),1명,서울특별시 강남구 일원로9길 75  (일원동) 101,"강남구 일원동/  70대초 여성시각장애인 / 월150시간/ (주5일근무)월~금 10:00~17:00,토요일 한달에 1번 또는 2번 근무시 주중 그 주에 1일 쉼 )/ 사회활동 -복지관, 산책,운동,  가사활동/ 활동지원사 경험있으신분 


* 장애인활동지원사 교육이수자",경력,년  3개월,(시급) 12500원,10:00~17:00,주간,채용시까지(2개월이내),기타,기타( 전화상담 )
장애인의 적극적이고 성실한 근로지원인을 모집합니다.(노들역),사단법인 윌,사회복지,사회복지사,1명,서울특별시 동작구 노량진로28길 12  (본동) 1층,"발달장애인(남) 업무 보조 및 지원
- 박스 접기, 리본 묶기, 스티커 붙이기 등 업무 지도 및 지원
- 월~금 10:00~15:00(4시간, 점심시간 12:00~13:00)",무관,,(시급) 9860원,10:00~15:00,주간,채용시까지(2개월이내),,"전자우편,기타( 이력서 이메일 접수 )"
한국법교육센터 계약직 채용 공고,(재)자녀안심하고학교보내기운동국민재단,사회복지,사회복지사,1명,서울특별시 강남구 테헤란로108길 12  (대치동) (대치동),"법교육 강사관리 및 강의 배정업무

9개월 근로 후/ 1년 연장 또는 정규직 전환 심사",무관,,"(월급) 216만원
								
							
							
						
					  
						상여금 : 0% -
							
							
							연봉 또는 월급에 미포함",(근무시간) (오전) 9시 00분 ~ (오후) 6시 00분,주간,채용시까지(2개월이내),"서류 ,면접","전자우편,기타( 첨부파일 공고문 확인 필수 )"
원효루미니어린이집 / 연장반교사를 찾습니다,원효루미니어린이집,사회복지,보육 교사,1명,서울특별시 용산구 원효로97길 15  (원효로1가) 1층,"연장보육시간에 통합보육 운영

-보육교사 2급 이상 필수
-지원희망시 이력서, 자기소개서등 이메일(677075@hanmail.net)접수",무관,,(월급) 110만원,15:00~19:30,주간,채용시까지(2개월이내),면접,기타( 이메일접수/ 677075@hanmail.net )
(상도동) 장애인 활동지원사 구인,가나안재가요양복지센터,사회복지,장애인 생활지도원(장애인활동보조원 포함),1명,서울특별시 동작구 양녕로25마길 22,"[상도동] 뇌병변장애(소뇌위축증) : 장애인 활동지원사 채용

- 일상가사지원, 신체활동지원 전반, 실내이동지원(워커사용, 화장실 이동)-장애인 이용자에 대한 맞춤형 서비스 지원
-  대 상 자 : 30후반, M
- 주 5일 근무 : 11:30~19:30 주 40시간
- 시급 : 12,200원
- 문의 : 010-6888-3672, 02-3672-1004


- 장애인활동지원사 교육 이수증 필수",무관,,"(시급) 12200원
								
							
						
					  - 면접 후 협의가능",11:30~19:30,주간,채용시까지(2개월이내),"서류 ,면접","방문,팩스,기타( canaan0801@naver.com/통화 후 이력서 지참 면접진행 )"
장애여성인력개발센터 직업상담사 채용,장애여성인력개발센터,사회복지,직업상담사,1명,서울특별시 강서구 화곡로 346  (화곡동) 2층 장애여성인력개발센터,"○ 담당업무
- 여성미래일자리 발굴 및 확산 사업 담당 
- 수료생 DB관리 및 취업처 사후관리
- 구인처 발굴, 취업상담 등 기타 취업지원팀 업무",무관,,(월급) 239만원,09:00~18:00,주간,채용시까지(2개월이내),"서류 ,면접",기타( 이메일 접수 (wsbt@seoulwomanup.or.kr) )
강동구 길동/ 60대여자 시각장애인 장애인활동지원사 모집,서울특별시시각장애인연합회,사회복지,장애인 생활지도원(장애인활동보조원 포함),1명,서울특별시 강동구 진황도로49길 50,"강동구 길동/ 60대여자 시각장애인/ 월150시간/월~금 (일6시간  10:30~12:30 ,17:00~21:00 ) / 주로 출퇴근동행, 가끔 운동겸 산책 , 장보기 / 성격활발하신 활동지원사님",무관,,(시급) 12500원,10:30~12:30/17:00~19:00,주간,채용시까지(2개월이내),기타,기타( 전화상담 )
차량 방문 요양보호사 모집,사단법인 굿하트,사회복지,그 외 사회복지 종사원,4명,"서울특별시 강동구 상암로 41  (암사동) 고덕동,암사동,길동(면접시 상세고지)","-업무: 이동도움, 목욕도움등(목욕차 운전가능자 우대)
-장소: 강동구 일대(고덕동,암사동,길동지역)
-조건: 07:00-16:00(일8시간정도 발생힘)
-시급: 1건당(16,000-17,000)",신입,,"(시급) 16000원
								
							
						
					  
						상여금 : 0% -
							
							
							연봉 또는 월급에 미포함",07:00-16:00,주간,채용시까지(2개월이내),면접,방문
양천구 신정동 50대 여성 시각장애인 장애인활동지원사 모집,서울특별시시각장애인연합회,사회복지,장애인 생활지도원(장애인활동보조원 포함),1명,서울특별시 양천구 신정로11길 20  (신정동) 110,"양천구 신정동  50대 여성 / 시각장애 /  180시간 / 가사활동,사회활동
- 오전 7시에 대상자 자택에서 출발
- 여의도 직장으로 출퇴근만동행
- 대상자 퇴근후 오후 4시까지 가사일 도움. 

* 월~금, 토요일은3시간근무(시간협의)

* 차량소지자 (필수)
* 장애인활동지원사 교육 이수자 (필수)",무관,,(시급) 12500원,07:00~16:00,주간,채용시까지(2개월이내),면접,기타( 전화상담 )
[방이동] 사회복지사 모집,한마음방문요양센터,사회복지,사회복지사,1명,서울특별시 송파구 가락로 264 -1 (방이동) 3층302호(방이동),"방이동 재가센터 사회복지사업무
근무시간:09:00~18:00(주5일) 급여:210만원",무관,,(월급) 210만원,09:00~18:00,주간,채용시까지(2개월이내),"서류 ,면접","방문,팩스,기타( 이메일(bangmoon2021@naver.com) )"
재가센터 사회복지사 구인,실버벨재가복지센터,사회복지,사회복지사(사회복지시설),1명,서울특별시 강북구 도봉로53길 37  (미아동) .,"*재가센터 사회복지사 구인
-직무 : 방문요양 라운딩업무 ,행정업무
-전산업무 가능자 지원희망(한글과 엑셀)
-경력 2년이상",경력,2년  개월,(월급) 220만원,09:00~18:00,주간,채용시까지(2개월이내),면접,방문
서대문구 공동육아 콩세알 어린이집 시간연장담임교사 채용,콩세알어린이집,사회복지,보육 교사,1명,서울특별시 서대문구 세검정로1길 106 -3,"만 3-5 세 유아 연장반 유아 보육 (10명이내) 
- 연장반 영유아 놀이 및 안전지도
- 하원지도
- 뒷정리


* 월 106만원 + 수당 13만원 정도",무관,,(월급) 119만원,15:00-19:30,주간,채용시까지(2개월이내),"서류 ,면접",기타( 이메일 지원 wonety@naver.com )
재가센터 사회복지사 채용,강서 온마음시니어 재가센터,사회복지,사회복지사,1명,서울특별시 강서구 가로공원로82길 43  (화곡동) 2층,"-업무; 재가센터내 프로그램관리 사회복지업무
-직무내용: 프로그램관리로 65세이상 요양등급 건강회복 프로그램 관리등
-근로시간: 13:00~16:00 (주 5일, 3시간)
-시급: 10,000원
-필수: 사회복지사 자격증, 프로그램 관리 교육이수자",무관,,"(시급) 12100원
								
							
						
					  
						상여금 : 0% -
							
							
							연봉 또는 월급에 미포함",09:00~12:00,주간,채용시까지(2개월이내),"서류 ,면접","방문,팩스,기타( 전자우편(sinesook0@naver.com) 및 팩스지원 )"
보육교사 연장반 모집,베베스쿨어린이집,사회복지,보육 교사,1명,"서울특별시 송파구 올림픽로35길 104  (신천동) 24-103(신천동, 장미아파트)","연장교사 업무
신입.경력 관계없음
근무시간: 15:00~19:00(4시간)주5일
급여:1,068,000원",신입,,"(월급) 106만원
								
							
							
						
					  
						상여금 : 0% -
							
							
							연봉 또는 월급에 미포함",15:00~19:00,주간,채용시까지(2개월이내),"서류 ,면접",기타
한국교육환경보호원  2024년 제1회 정규직(일반직) 채용 재공고,한국교육환경보호원,IT,IT 기술지원 전문가,1명,충청북도 청주시 흥덕구 오송생명5로 267 -4 (오송읍) 한국교육환경보호원,"[일반직 6급(정보화-전산)]
 - 기관 시스템 및 인프라 운영관리
 - 정보화, 정보보안 및 개인정보보호 정책 수립·운영
 - 교육환경정보시스템 및 교육환경플랫폼 운영관리 지원",무관,,(월급) 220만원,09:00~18:00,주간,2024.05.10,"서류 ,면접 ,필기 ,기타",기타( https://schoolkeepa.applyin.co.kr/ )
JAVA 웹 개발자 모집 ( 5명 채용 ),주식회사 성진하이텍,IT,웹 개발자,5명,"서울특별시 금천구 벚꽃로 278  (가산동) 703호 (가산동,에스제이테크노빌)","[ IT S/W 개발자 신입사원 5명 채용 ]

- JAVA / Mobile 개발 업무
- Web Java 개발 / Android / IOS 개발 등
- 신입,경력 / 정보처리기사 자격, 석박사 우대
- 상용직 / 주 5일
- 비 전공 개발자도 지원 가능
- 급여 : 신입 ( 4년제 대졸 기준- 3천만원) 급여 책정.
- 복리후생 : 최신 노트북 지급, 청년내일채움공제 적용 사업장, 퇴직연금 도입. 복지몰 운영
- 근무지역 : 서울, 경기 등
- 기업연수원 운영 일정기간 신입사원 현장실무 훈련 / 현장실무 적응 용이
- 금천구 가산동 소재

[ 회사 소개 ]
- 중소벤처기업부가 최근 공식 인정한 인재육성형 중소기업 인증에 빛나는 (주)성진하이텍(www.sjht.co.kr)은 공공/금융/통신 SI/SM 사업과 모바일 솔루션 사업을 진행하고 있는 회사입니다.
- SI/SM 사업 부분은 대기업들과 협력하여 공공, 금융, 국방, 이동통신 등 사회 각 요소에 최적의 솔루션으로 최상의 시스템을 제공하고 있으며, 고객들로부터 좋은 평가를 받고 있습니다.
- 당사는 학교 졸업한 지 오래된 나이 있는 비전공 개발자도 지원 가능합니다.
- JAVA 신입 사원을 모집 중에 있사오니, 많은 지원 부탁드립니다.",무관,,"(최소연봉) 3000만원
									
								
							
							
							
							
						
					  - 면접 후 협의가능 
						상여금 : 0% -
							
							
							연봉 또는 월급에 미포함",09:00~18:00/휴게시간12:00~13:00,주간,채용시까지(2개월이내),"서류 ,면접 ,필기 ,기타","전자우편,기타( 워크넷 입사지원시스템 )"
어린이집 보육도우미 조리 주방 업무_채용완료,역삼럭키어린이집,"교육,보육",교사보조 및 보육보조 서비스 종사원,1명,서울특별시 강남구 논현로 213  (도곡동) 역삼럭키아파트,어린이집 보육도우미 조리 주방 업무,무관,,"(월급) 104만원
								
							
							
						
					  
						상여금 : 0% -
							
							
							연봉 또는 월급에 미포함",09:00~14:00,주간,채용시까지(2개월이내),"서류 ,면접",방문
어린이집 보육도우미 모집,구립벽산어린이집,"교육,보육",보육시설 서비스 종사원,1명,서울특별시 성동구 금호로 100  (금호동1가) 구립 벽산어린이집,"**구립어린이집 보육도우미 모집합니다 **

- 보육교사보조, 주방 보조및 청소

- 근무시간 : 10:00~14:30 (시간협의가능) 휴게시간 30분

- 월급 : 1,035,300원 (중식제공)",무관,,"(시급) 9860원
								
							
						
					  
						상여금 : 0% -
							
							
							연봉 또는 월급에 미포함",10:00~14:30,주간,채용시까지(2개월이내),"서류 ,면접","방문,팩스,기타( leekim6458@hanmail.net )"
교사보조 및 보육보조 서비스 종사원,블루밍킨더학원,"교육,보육",교사보조 및 보육보조 서비스 종사원,1명,서울특별시 서대문구 성산로 529  (대신동) 단독건물,"대신동 영어유치원 셔틀버스 동승 안전도우미
- 등하원지도, 셔틀동승, 환경미화, 식사준비 외
- (오후)15:30~19:00",무관,,(월급) 120만원,,주간,채용시까지(2개월이내),"서류 ,면접","전자우편,기타( 채용담당자 휴대폰 지원 )"
2024-6 서울청각장애인학습지원센터 직원 채용 재공고 계획보고,시립서대문농아인복지관,"교육,보육",특수교육 교사,1명,서울특별시 서대문구 수색로4가길 23  (남가좌동) 서울시 서대문구 수색로 2길 16-1 3층 서울청각장애인학습지원센터,"1. 채용 직무？인원 및 형태 : 5급 직원 채용 1명/학습지원센터-학습더함팀 1명

 2. 지원자격 및 담당업무
   - 장애인복지법 시행규칙 제 41조 및 42조에 의거하여 장애인복지관 관리 및 운영요원 자격기준에 해당하는 자
   - 사회복지사？특수학교 교사？치료사 등 장애인재활 관련 자격증을 소지한 자
   (채용일로부터 3개월이내 졸업예정자이거나 관련자격증 취득에 있어 합격통보를 받은 자도 지원가능)
   - 수어가능한 자 우대
   - 팀 배치 및 업무: 학습더함팀/학습상담 및 진단(평가), 청각장애인 학습지원 사업 운영 및 관리
   - 연령, 학력, 성별 및 경력제한 없음.

① 사회복지사업법에 따라 사회복지시설 종사자 결격사유에 해당되지 않는 자(법 제35조의 2 제2항)
② 범죄 및 성폭력범죄 조회 시 결격사유가 없는 자
※ 결격사유 해당 시 합격 및 고용 취소
- 다음의 결격 사유에 해당하지 않는 자
    - 2024. 5. 13.(월) 이후부터 출근 가능한 자",신입,,(최소연봉) 3000만원,09:00~18:00,주간,2024.05.08,"서류 ,면접","온라인,방문,우편,전자우편,기타( 첨부파일 공고문 확인 )"
(고덕동)구립풍경채어린이집 보육도우미 모집,구립풍경채어린이집,"교육,보육",보육시설 서비스 종사원,1명,서울특별시 강동구 아리수로 376 -1 (고덕동) 아리수로 375 (고덕동 136) 고덕강일제일풍경채,"(고덕동)구립풍경채어린이집 환경미화(청소) 및 조리보조 업무
○ 급여; 월 1,035,300원
○ 응시자격: 자격요건 없음
○ 우대사항; 조리사 자격증 소지자
○ 근무시간; 12:30~17:00 (주5일), 휴게시간 30분
○ 전형방법 (채용시 까지)
1) 1차 서류 전형(이력서, 자기소개서)
- 전화접수(010-3065-2277) 또는 이메일( da4425520@naver.com ) 전송
- 이메일 접수 시, 이메일 제목과 파일명을 예시와 같이 보내주세요. (예시: 보육도우미 지원_자신의 이름)
2) 2차 면접 전형(서류 통과자에 한하여 개별 연락)
3) 3차 임용관련 서류 제출(합격자에 한함)
- 공무원 채용신체검사서, 잠복결핵확인서, 보건증, 성범죄 및 아동학대 전력 조회 결과서 등
○ 소재지: 서울특별시 강동구 아리수로 375 101동 1층(고덕동, 고덕풍경채어바니티) (5호선 상일동역 4번 출구에서 도보로 15분)",무관,,"(시급) 9860원
								
							
						
					  - 면접 후 협의가능 
						상여금 : 0% -
							
							
							연봉 또는 월급에 미포함",12:30~17:00,주간,채용시까지(2개월이내),"서류 ,면접","방문,전자우편"
(등촌동) 회계사무원 구인,대한민국무공수훈자회,"경영,금융,회계,사무",회계 사무원,1명,서울특별시 강서구 강서로56가길 45  (등촌동) 호국보훈회관,"국고관리, 경리 업무 등
-근무시간: 09:00~16:00 (휴게시간 12~13시), 주 5일
-월급: 1,650,000원

* 우대사항: 회계/경리 업무 경력자, 국고관리(이나라 경험자)
* 입사지원: 이력서 및 자기소개서 이메일(mgt@mugong.kr) 접수. 서류 검토 후 면접일정
개별 안내",경력,1년  개월,"(월급) 165만원
								
							
							
						
					  
						상여금 : 0% -
							
							
							연봉 또는 월급에 미포함",09:00~16:00,주간,채용시까지(2개월이내),"서류 ,면접","전자우편,기타( 이메일(mgt@mugong.kr) 접수 )"
시립성북노인종합복지관 사무원(정규직) 채용 공고,서울시립성북노인종합복지관,"경영,금융,회계,사무",총무 및 일반 사무원,1명,서울특별시 성북구 종암로15길 10  (종암동) 성북노인종합복지관,"종사자교육훈련사업, 회계(수입원), 행정(업체계약및관리, 문서수발보존및관리, 시설보험업무 등) 업무 전반",무관,,(월급) 244만원,09:00~18:00,주간,2024.05.15,"서류 ,면접",기타( 이메일(sb7950@naver.com) )
2024년 서울특별시50플러스재단 제2차 직원채용 모집공고,서울시50플러스재단,"경영,금융,회계,사무",경영 기획 사무원,8명,서울특별시 마포구 백범로31길 21  (공덕동) 배치부서에 따라 상이함,"● 중장년 고객의 요구 및 역량과 시장을 분석하여 이·전직, 역량개발, 창업, 사회참여활동 등의 목표를 세우고 이를 위한 지원 프로그램을 기획, 홍보 운영, 사후관리를 수행하는 업무
● 문서작성, 일상관리 등의 사무 및 기타 요구되는 대·내외 행정업무",신입,,(최소연봉) 3300만원,09:00~18:00,주간,2024.05.10,"서류 ,면접 ,필기",기타( https://50plus.plusrecruit.co.kr/#/ )
2024년 서울경제진흥원 신입직원(일반직) 모집,(재)서울경제진흥원,"경영,금융,회계,사무",경영 기획 사무원,17명,서울특별시 마포구 월드컵북로 400  (상암동) 서울경제진흥원 본사 건물 및 서울경제진흥원 운영시설(서울시 소재),"○ 채용분야/규모: 총 17명

- 일반행정(공개경쟁) 11명
- 일반행정(보훈대상자 제한경쟁): 1명
- 외국어(공개경쟁): 4명
- 회계(고교졸업자 제한경쟁): 1명

※ 채용사이트(https://2024sba.recruitlab.co.kr/) 내 직무설명서 참조",무관,,(최소연봉) 3100만원,09:00~18:00,주간,2024.05.20,"서류 ,면접 ,필기",상담사알선( 채용사이트 온라인접수 https://2024sba.recruitlab.co.kr/ )
서울시지역상생교류사업단 서울동행상회 직원 채용 공고_온라인마케팅,주식회사 새농,"경영,금융,회계,사무",마케팅 전문가,○명,서울특별시 종로구 율곡로 39  (안국동) 서울동행상회(안국빌딩신관 1층),"- 온라인몰 운영 관리
 - 전반적인 브랜딩, 마케팅 업무
 - 광고 소재 및 콘텐츠 기획, 제작
 - 온라인 판매채널 광고 및 키워드 관리
 - 마케팅 데이터 관리와 성과분석, 전략수립
 - 광고 대행사 핸들링",경력,2년  개월,(최소연봉) 3400만원,09:00~18:00,주간,2024.05.07,"서류 ,면접",기타( 지정양식 이메일접수hr@seouldhsh.com )
"[창녕군, 장마면/주5일]감리단 사무보조  모집",주식회사 드림피플파트너스,"경영,금융,회계,사무",사무 보조원(일반사업체),1명,"경상남도 창녕군 강리길 23  (장마면) 초곡리125, 창녕건설사업관리단 1층","- 창녕군 장마면 감리단 사무보조
- 문서수/발신 및 기록관리, 각종공문서 관리, 내방객응대 등
- 워드,엑셀 활용능력 필수
- 근무시간 : 09:00~18:00/ 주5일근무
- 휴게시간 12:00~13:00
- 근무기간: 12개월이나  준공일까지 연장가능
- 급여 : 월 2.061.000원
- 지원방법:워크넷 , pickupjung@gmail.com 로 지원",무관,,(월급) 207만원,09:00~18:00,주간,채용시까지(2개월이내),"서류 ,면접","전자우편,기타( 워크넷 지원, pickupjung@gmail.com )"
경력직 경리 사무원 모집,주식회사 대범건설,"경영,금융,회계,사무",경리 사무원,1명,서울특별시 서초구 남부순환로347길 60  (서초동) 4층,"-경력직 경리 사무원 
-직무내용: 회계업무, 기타관리 업무
-근무시간; 09:00~18:00/주5일
-휴게시간: 12;00~13:00
-급여ㅣ 월250만원",경력,3년  개월,(월급) 250만원,09:00~18:00,주간,채용시까지(2개월이내),"서류 ,면접",전자우편
은평구립역촌노인복지관 사무원 채용 계획 공고,은평구립역촌노인복지관,"경영,금융,회계,사무",총무 및 일반 사무원,1명,서울특별시 은평구 연서로3나길 11 -30 (역촌동) 1층 역ㅊ노인복지관,회계 및 서무업무,무관,,(월급) 232만원,09:00~18:00,주간,채용시까지(2개월이내),"서류 ,면접","기타( 자사양식, 이메일 접수(yc9452@daum.net) )"
[사당동] 영지빌딩 경리사무원 채용,영지빌딩,"경영,금융,회계,사무",경리 사무원,1명,서울특별시 동작구 동작대로27가길 44  (사당동) 사당동,"[사당동] 영지빌딩 경리사무원 구인

- 장부정리 및 경리(약 1,000평 건물 관리)
- 주5일 근무(09:00~17:00), 휴게12:00~13:00, 주 35시간
- 월 200만원
- 필수 사항 : 컴퓨터 사용가능자
-전화문의(02-592-4727/010-2367-3773)",무관,,"(월급) 200만원
								
							
							
						
					  
						상여금 : 0% -
							
							
							연봉 또는 월급에 미포함",09:00~17:00,주간,채용시까지(2개월이내),면접,방문
2024년 4월 보건복지상담센터 상담사(공무직) 모집 공고,보건복지부,"경영,금융,회계,사무",콜센터 상담원(콜센터·고객센터·CS센터),13명,서울특별시 영등포구 선유동2로 57  (양평동4가) 자살예방상담전화,ㅇ 자살예방상담,무관,,"(월급) 226만원
								
							
							
						
					  
						상여금 : 0% -
							
							
							연봉 또는 월급에 미포함",,3교대,2024.05.06,"서류 ,면접",기타( 이메일 접수(담당자 이메일 : nano1981@korea.kr) )
한국문화예술교육진흥원 24-4차 직원(계약직) 채용,한국문화예술교육진흥원,"경영,금융,회계,사무",경영 기획 사무원,1명,서울특별시 마포구 상암산로 76  (상암동) 11~12층,"ㅇ 법무/정보화팀: 1명(휴직 대체)
(주요 담당업무) 기관 윤리경영 및 인권경영
(계약기간) 입사일로부터 '24년 12월 초까지

※ 계약기간은 해당 육아휴직자의 사정에 따라 기간 연장 혹은 계약 종료가 될 수 있음
※ 온라인 접수만 가능함. 상세내용은 한국문화예술교육진흥원 홈페이지(https://www.arte.or.kr/)에서 확인 바람
※ 원서 접수 사이트: https://recruit.incruit.com/arte/",신입,,(최소연봉) 2900만원,09:00~18:00,주간,2024.05.10,"서류 ,면접",온라인( 온라인 홈페이지 접수 : https://recruit.incruit.com/arte/ )
[상암동] 배차관리 사원 모집,다모아자동차(주),"경영,금융,회계,사무",도로 운송 사무원(배차사무 포함),1명,서울특별시 마포구 가양대로 117  (상암동) 상암공영차고지,"상암동 차고지 시내버스 배차업무
- 운행관리 및 배차스케줄 조정, 현장관리 등
- 격일 07시 교대 (휴게5시간이상), 월 281만원
- 운전업무없음 

* 신체 건강한자 우대",무관,,"(월급) 281만원
								
							
							
						
					  
						상여금 : 0% -
							
							
							연봉 또는 월급에 미포함",07:00~07:00,2교대,채용시까지(2개월이내),면접,"방문,기타( 전화 후 면접일정 )"
서울시각장애인생활이동지원센터 배차원 모집 공고(~2024년 5월 6일(화) 18시까지),서울시각장애인생활이동지원센터,"경영,금융,회계,사무",도로 운송 사무원(배차사무 포함),1명,서울특별시 동작구 상도로 216  (상도동) 인경빌딩 3층,"시각.신장장애인 차량 전화접수, 배차, 관제업무

가. 채용형태: 계약직(1년 계약 후 정규직 전환 가능)
나. 근무형태: 1일 근무 후, 1일 휴무이고 하루 12시간 근무
(한달마다 출근시간이 변경 되며, 24시간 운영이기 때문에 야간근무도 있음)",무관,,"(월급) 234만원
								
							
							
						
					  
						상여금 : 120% -
							
							
							연봉 또는 월급에 미포함","1일 근무 후, 1일 휴무이고 하루 12시간 근무",격일,2024.05.06,"서류 ,면접","기타( 자사양식, 이메일접수(kbuseoul2@hanmail.net) )"
[삼각지역] 웰컴금융타워 사무관리(관리과장)직 채용,주식회사케이에스메이트,"경영,금융,회계,사무",총무 및 일반 사무원,1명,서울특별시 용산구 한강대로 148  (한강로2가) 웰컴금융타워,"[웰컴금융타워 사무관리(관리과장)직 채용]

ㅇ 직무 : 건물관리와 관련된 사무 및 행정관리

ㅇ 근무지 : 서울시 용산구 한강대로 148, 웰컴금융타워

ㅇ 우대사항 : 엑셀, 워드 능숙자 우대

ㅇ 근무시간 : 09:00~18:00(휴게시간 12:00~13:00) / 주5일 근무 

ㅇ 급여 : 월340만원",무관,,"(월급) 340만원
								
							
							
						
					  
						상여금 : 0% -
							
							
							연봉 또는 월급에 미포함",09:00~18:00,주간,채용시까지(2개월이내),"서류 ,면접",전자우편
업무지원 행정사무원 기간제근로자 채용공고 / 접수기간: 4.18(목)~5.10(금)까지,서울특별시립강남주민편익시설,"경영,금융,회계,사무",총무 및 일반 사무원,1명,서울특별시 강남구 남부순환로 3318  (일원동) (일원동) 강남주민편익시설,"- 총무 일반 사무행정 업무
- 접수처 지원 업무
- 시설관리 및 안전점검(시설 순회점검)
- 시설 홍보물 제작 (현수막, 베너 등)


※ 지원희망자는 자사양식 작성하여 이메일 접수 바랍니다.  knyka1913@hanmail.net",무관,,"(최소연봉) 2700만원
									
								
							
							
							
							
						
					  
						상여금 : 0% -
							
							
							연봉 또는 월급에 미포함",09:00~18:00,주간,2024.05.10,"서류 ,면접","우편,팩스,기타( 이메일 지원  knyka1913@hanmail.net (자사양식) )"
2024년도 성북구장애인체육회 신규 직원(일반행정) 채용 공고 / 접수기간 : 04.16.(화) ~ 04.23.(화),성북구장애인체육회,"경영,금융,회계,사무",공공행정 사무원,1명,서울특별시 성북구 오패산로 25  (하월곡동) 4층 성북구장애인체육회,"■ 일반행정 업무
■ 보조금 사업 예산 신청, 집행, 결산에 관한 사항
■ 인사 및 후생복지 관련 업무
■ 장애인체육회 지원사업 및 프로그램 기획, 운영 등
■ 체육회 규정 제정·개정 등",무관,,(월급) 265만원,09:00~18:00,주간,채용시까지(2개월이내),"서류 ,면접",기타( 이메일 접수 : sbsdad5559@naver.com (자사양식) )
서울특별시 장애인치과병원 사무직-일반행정(정규직) 채용공고 / 접수기간 : 4.18(목)~5.3(금) 14시까지,서울특별시 장애인치과병원,"경영,금융,회계,사무",공공행정 사무원,1명,서울특별시 성동구 마장로 207  (홍익동) 서울특별시 장애인치과병원,"- 총무과 업무 전반
  ※ 직무기술서 참고

- 자격요건 : 상경계열, 법·(보건)행정계열, 유사학과 졸업자 또는 이에 준하는 자


※ 자세한 사항은 서울특별시장애인치과병원 홈페이지(https://www.sdh.go.kr) 채용공고문에서 확인바랍니다.",무관,,(최소연봉) 4100만원,08:30~17:30,주간,2024.05.03,"서류 ,면접 ,신체검사",기타( 자사 홈페이지 온라인 양식 )
경영지원 사무원 모집,유니온화재특종손해사정(주),"경영,금융,회계,사무",총무 및 일반 사무원,2명,서울특별시 영등포구 선유서로 117  (양평동3가) 유니온화재특종손해사정(주),"[경영지원 사무원 모집]

직무: 인사, 총무, 경영지원, 경리 사무 업무 
- 경력3년이상
- 회계, 전산 관련 자격증 소지자 우대
- 의사소통 원활하신 분 희망 

근무시간: 09:00~18:00 (휴게1시간) / 주5일

연봉: 2,800~3,800만원 (경력에 따른 협의)

* 지원방법: 이메일 지원 union267@unionsonsa.com",경력,3년  개월,"(최소연봉) 2800만원
									
								
							
							
							
							
						
					  
						상여금 : 0% -
							
							
							연봉 또는 월급에 미포함",09:00~18:00,주간,채용시까지(2개월이내),"서류 ,면접",전자우편
발산역인근 인사관리 및 행정업무 사무원 구인,대한민국월남전참전자회,"경영,금융,회계,사무",협회·회원단체 사무원,2명,서울특별시 강서구 강서로56가길 45  (등촌동) 대한민국월남참전자회,"* 부장급(기획/총무부장)-인사관리 및 행정 및 시험관련 업무
- 근무시간: 09:00~16:00 (휴게시간 1시간)
- 월급:1,679,000원

* 과장급-회원증발급, 사무업무
- 근무시간:09:00~16:00 (휴게시간 1시간)
- 월급: 1,650,000원

** 입사지원: 이력서, 자기소개서 이메일(pshssw01@gmail.com) 접수. 서류 검토 후 면접일정 개별 안내 
** 컴퓨터활용(문서작성, 엑셀) 원활한 사용자",무관,,"(월급) 165만원
								
							
							
						
					  
						상여금 : 0% -
							
							
							연봉 또는 월급에 미포함",09:00~16:00,주간,채용시까지(2개월이내),"서류 ,면접","전자우편,기타( 이메일(pshssw01@gmail.com) )"
일반사무직원 모집(장애인 채용),금오디자인,"경영,금융,회계,사무",전산자료 입력원 및 사무 보조원,1명,서울특별시 중구 마른내로4가길 26 -3 (인현동1가) (금오디자인),"전산입력, 일반 사무 등
-장애인만 채용",무관,,"(월급) 200만원
								
							
							
						
					  
						상여금 : 0% -
							
							
							연봉 또는 월급에 미포함",09:40~17:40,주간,채용시까지(2개월이내),"서류 ,면접",방문
전기안전 관리 대행 경리업무 모집,조은전기안전관리(주),"경영,금융,회계,사무",경리 사무원(일반사업체),1명,서울특별시 서초구 반포대로14길 54  (서초동) 신성오피스텔1301호(서초동),"조은전기안전관리 대행 사무관리직

- 직무내용 : 전기안전관리 대행업체로 주로 사무실에서 전화응대 및 제반사항 처리
(컴퓨터(온라인) 활용 필수)

- 근무 시간 : 09:30~16:00 협의 가능(일 5시간 30분 이상, 급여는 근무시간에 비례하여 협의)
- 휴게시간 : 12:00~13:00

- 급   여 : 연봉35,000,000원이상 (주5일 27시간)

- 자격면허 : 전기산업기사(필수), 전기기사(필수)

- 접수방법 : 이력서 방문 또는 이메일 지원  lkjun20@naver.com   / 경력2년이상 필수 / 궁금하신 사항 있으신 분은 이교준 사장님(h.p 010-8662-2161) 연락 바랍니다.",경력,2년  개월,"(최소연봉) 3500만원
									
								
							
							
							
							
						
					  - 면접 후 협의가능",09:30~16:00,주간,채용시까지(2개월이내),면접,"방문,전자우편,기타( 이메일 lkjun20@naver.com )"
"엑셀작업, 장부정리 가능자 구인",(주)한국건설소방,"경영,금융,회계,사무",단순 경리 사무원,1명,서울특별시 동대문구 무학로 190  (용두동) (용두동),"-인터넷작업, 장부정리 / 엑셀작업
-사무보조
-9-18시 주 5일 시급9860원(206만원)",신입,,"(시급) 9860원
								
							
						
					  
						상여금 : 0% -
							
							
							연봉 또는 월급에 미포함",09:00~18:00,주간,채용시까지(2개월이내),"서류 ,면접","방문,팩스,전자우편"
[아차산역] 사무직원 모집,행복공조 주식회사,"경영,금융,회계,사무",총무 및 일반 사무원,1명,서울특별시 광진구 광나루로40길 12  (구의동) 행복공조 주식회사,"[어린이대공원 인근] 사무직원 채용

- 견적서, 세금계산서 작성 및 은행업무 등

- 09:00~18:00 (휴게 1h, 주5일 근무)

- 월급: 220만원

* 3개월 수습기간 적용 추후 급여 협의 가능",무관,,"(월급) 220만원
								
							
							
						
					  
						상여금 : 0% -
							
							
							연봉 또는 월급에 미포함",09:00~18:00,주간,채용시까지(2개월이내),"서류 ,면접",전자우편
업무과 직원 채용,현대자동차 신대치대리점,"경영,금융,회계,사무",영업 기획·관리·지원 사무원,1명,서울특별시 강남구 삼성로 324  (대치동) 현대자동차 신대치대리점,차량 계약 정보 입력 및 출고 업무,무관,,"(월급) 230만원
								
							
							
						
					  
						상여금 : 0% -
							
							
							연봉 또는 월급에 미포함",09:00~18:00,주간,채용시까지(2개월이내),"서류 ,면접",방문
"자재관리, 입출고 관리업무",주식회사 가산프라스틱,"경영,금융,회계,사무",자재·구매·물류 사무원,1명,"서울특별시 동대문구 무학로 128 -1 (용두동) 용두동, 가산빌딩","-자재 출고, 입고 관리 업무
-평일 7:00~17:30/ 토7:00~12:00(월1회토 휴무) (휴게시간 1시간)
-연봉 3,112만원
-고졸이상
-중식제공
-제기동역 6번출구 500m
-채용담당자 010-5234-3073 통화 후 면접

*워크넷 연계위해 주40시간으로 기재

실업급여수급자 지원금지",신입,,"(최소연봉) 3112만원
									
								
							
							
							
							
						
					  - 면접 후 협의가능 
						상여금 : 0% -
							
							
							연봉 또는 월급에 미포함",07:00~17:30,주간,채용시까지(2개월이내),"서류 ,면접","방문,팩스"
민원서류발급대행 구인,주식회사 하나아이디,"경영,금융,회계,사무",행정사·문서대행자,1명,서울특별시 관악구 남현3길 74  (남현동) 3층,"민원서류 발급업무 대행
근무시간 07:30~12:30 휴게(x) , 주 5일 근무
월급 : 75만원, 전화 접수
문의 : 담당자 010-5467-4555",무관,,(시급) 9860원,07:30~12:30,주간,채용시까지(2개월이내),,기타( 전화 접수 )
서울드래곤시티 호텔 객실예약팀 채용,(주)서부티엔디,"경영,금융,회계,사무",고객 상담원(스포츠·예식·항공·여행·숙박·오락),10명,서울특별시 용산구 청파로20길 95  (한강로3가) 서울드래곤시티 호텔,"- 객실예약 응대, 비대면 내/외부 고객 전화 문의 응대

- 영어 회화 가능자 필수

- 고졸이상, 관련 업무 유경험자 우대

- 월 220만원 (면접시 협의 가능)

- 09:00~18:00 (휴게시간 12:00~13:00)

- 주5일 스케줄 근무",무관,,"(월급) 220만원
								
							
							
						
					  
						상여금 : 0% -
							
							
							연봉 또는 월급에 미포함",09:00~18:00,주간,채용시까지(2개월이내),"서류 ,면접",전자우편
창고관리원 모집,주식회사 대진필름,"경영,금융,회계,사무",창고 관리원(자재 검수원 포함),1명,서울특별시 중구 장충단로7길 46  (쌍림동) 대진필름,"필름지 상품 입출고 및 단순전산처리
-간단한 엑셀입력
-20kg내외 물품",무관,,"(월급) 220만원
								
							
							
						
					  
						상여금 : 0% -
							
							
							연봉 또는 월급에 미포함",09:00~18:00,주간,채용시까지(2개월이내),면접,방문
(상일동)한국종합기술사옥 안내직원 모집,(주)애드민,"경영,금융,회계,사무",데스크 안내원,1명,서울특별시 강동구 상일로6길 21  (상일동) (상일동)한국종합기술 사옥,"(상일동)한국종합기술사옥 안내데스크 업무
- 월207만원 (세전) / 중식제공
- 07:30~17:30 (주5일) / 휴게시간- 09:30~10:00, 13:30~15:00  
- 지원방법: 통화(02-2049-2718, 010-9220-3995) 후, 내방 또는 이력서 팩스(02-2049-2730) 전송",무관,,"(월급) 207만원
								
							
							
						
					  
						상여금 : 0% -
							
							
							연봉 또는 월급에 미포함",07:30~17:30,주간,채용시까지(2개월이내),"서류 ,면접","팩스,기타( 통화후, 내방 )"
중부시장내 신광상회 경리사무원,신광상회,"경영,금융,회계,사무",경리 사무원,1명,서울특별시 중구 동호로 347  (오장동) 오장동139. 중부시장14공구,"중부시장내 신광상회 경리사무원
근무시간 오전7시부터 오후2시까지 토요일 오전7시부터 오후1시까지
주6일근무임 급여230만원
중식제공함 간단한 경리업무임, 신입도 가능함
55세이전까지 지원가능함
설, 여름휴가, 추석 (3변 급여의 100프로 지급함)",신입,,"(월급) 230만원
								
							
							
						
					  
						상여금 : 0% -
							
							
							연봉 또는 월급에 미포함",07:00-14:00,주간,채용시까지(2개월이내),면접,"방문,팩스"
[을지로3가역] 여행사 예약센터 상담원 모집,(주)윌앤비전,"경영,금융,회계,사무",콜센터 상담원(콜센터·고객센터·CS센터),15명,서울특별시 중구 수표로 31 노랑풍선빌딩,"[[ 노랑풍선 여행사 예약센터 상담원 ]]

- 팀직통번호로 인입되는 인바운드 여행상담 응대

- 홈쇼핑 해피콜 진행-> 여행예약 상담및 예약 입력, 예약금 수령등 예약 확정에 따르는 
업무수행

- 09:00~18:00 (휴게 1h)/ 주5일근무

- 월급: 2,060,740~2,700,000원 (복지포인트, 상여금 별도 지급)",무관,,"(월급) 236만원
								
							
							
						
					  
						상여금 : 0% -
							
							
							연봉 또는 월급에 미포함",09:00~18:00,주간,채용시까지(2개월이내),"서류 ,면접",전자우편
국립국악중고등학교 기간제 근로자(기숙사 부사감) 채용 공고,국립국악고등학교,"경영,금융,회계,사무",기숙사사감 및 독서실·고시원 총무,2명,서울특별시 강남구 개포로22길 65  (개포동) 국립국악고등학교,"기숙사 학생 생활지도, 관리 및 시설물 점검",무관,,(시급) 10107원,20:00~08:00(휴게시간 3시간),기타,채용시까지(2개월이내),"서류 ,면접",전자우편
"[위성프라자관리사무소/노원구 상계동] 소방,전기 관리원 모집",위성프라자관리사무소,"건설,기계",산업 안전원 및 위험물 관리원,1명,서울특별시 노원구 상계로 55  (상계동) 위성프라자,"*직무 : 시설관리
*자격 조건 : 직무관련 자격증 소지자(3급이상)
*경력자 우대
*임금 : 월 2,200천원
*근무시간 : 격일제",신입,,"(월급) 220만원
								
							
							
						
					  
						상여금 : 0% -
							
							
							연봉 또는 월급에 미포함",,격일,채용시까지(2개월이내),면접,방문
[서초구] 안전감시단 모집,(주)에스오에스안전감시단,"건설,기계",건축안전·환경·품질·에너지관리 기술자,5명,서울특별시 서초구 신반포로3길 8  (반포동) (반포동 810) 공사현장,"* 건설현장 안전감시 및 안전관리
* 경력, 학력 관계없음
* 필수사항: 건설기초안전교육 이수자
* 근무시간: 07:00~18:00 (휴게시간 11:00~13:00) 주6일 
* 급여: 300만원~320만원
* 제출서류: 이력서, 접수방법: 방문, 전자우편 (gjwls1@daum.net)
* 연락처: 010-3858-7341
* 워크넷연결로 주40시간 등록",신입,,"(월급) 300만원
								
							
							
						
					  
						상여금 : 0% -
							
							
							연봉 또는 월급에 미포함",07:00~18:00,주간,채용시까지(2개월이내),"서류 ,면접","방문,기타( gjwls1@daum.net )"
등촌동 학교건물 시설관리 채용,(주)범주,"건설,기계",소방시설·설비 시공 기술자,1명,서울특별시 강서구 강서로 420,"-업무: 등촌동 학교 시설관리(전기, 소방설비 및 주요시설 관리)
-근무시간: 격일 07~07시 격일 ( 휴게시간1시간) 
-월급:310만원
-필수 및 우대: 소방2급이상 필수, 전기, 소방, 가스관련자격증 우대
-경력: 5년이상 우대
-지원: 전화상담후 이력서 지참 방문 및 전자우편과 팩스",경력,5년  개월,"(월급) 310만원
								
							
							
						
					  
						상여금 : 0% -
							
							
							연봉 또는 월급에 미포함",07:00~07;00,주간,채용시까지(2개월이내),"서류 ,면접","팩스,기타( 전자우편(btm3358@naver.com)및 전화 상담과 팩스 )"
조경 및 산림 현장소장/현장기사 모십니다,주식회사 로안토탈,"건설,기계",조경 기술자,2명,"서울특별시 송파구 위례광장로 188  (장지동) ,// 서울 관내 현장 근무","▣ 담당업무
- 조경 현장 관리감독, 실행
- 서울 관내 현장 근무

▣ 자격요건
- 신입, 경력2년이상 우대
- 조경 또는 산림산업기사 자격증 소유자 우대
- 운전면허증 소지자 우대
- 조경, 산림 관련 전공자 우대
- 학력 무관

▣ 근무조건
- 연봉 4,000만원~면접시 협의

▣ 지원방법
- 이력서, 자기소개서 제출
- 이메일 지원(roantotal@naver.com)",무관,,"(최소연봉) 4000만원
									
								
							
							
							
							
						
					  - 면접 후 협의가능 
						상여금 : 0% -
							
							
							연봉 또는 월급에 미포함",09:00~18:00 (휴게시간 유동적),주간,채용시까지(2개월이내),"서류 ,면접",전자우편
가산동] 자재개발 - 경력,(주)확실한방수,"건설,기계",화학공학 기술자 및 연구원,1명,서울특별시 금천구 가산디지털1로 45  (가산동) 이앤씨 드림타워8차 307호,"○ 업무 - 신기술인증, 자재개발, R&D 등

○ 수습 3개월",경력,5년  개월,"(최소연봉) 4000만원
									
								
							
							
							
							
						
					  - 면접 후 협의가능 
						상여금 : 0% -
							
							
							연봉 또는 월급에 미포함",8~17,주간,채용시까지(2개월이내),"서류 ,면접",전자우편
월270-마곡 건와빌딩-시설기사(방재),백상코퍼레이션(주),"건설,기계",방재 기술자 및 연구원,1명,서울특별시 강서구 마곡동로 마곡건와빌딩 시설팀,"*발산역 건와빌딩 시설기사(방재)
-업무: 대형빌딩 시설물 유지보수(방재 및 기전 등등)
-자격증: 소방2급 이상
-급여 : 270만
-4~6급 장애복지카드(월5만)
-근무시간:주주야야비휴
  주간 08:30~17:30 /야간 17:30~08:30/ 비(휴무)
- 제출서류: 이력서, 자격증

*소방2급, 전기기능사,공조냉동기계기능사 자격증 우대함.",무관,,"(최소연봉) 3240만원
									
								
							
							
							
							
						
					  
						상여금 : 0% -
							
							
							연봉 또는 월급에 미포함",주간 08:30 ~ 17:30야간 17:30 ~ 08:30비(휴무),주간,채용시까지(2개월이내),"서류 ,면접 ,기타","방문,전자우편( 담당자통화 )"
[오금동] 센트럴오금빌딩 관리소장 모집,오에스개발주식회사,"미화,관리원",빌딩 관리소장,1명,서울특별시 송파구 동남로29길 4  (오금동) 센트럴 오금빌딩,"센트럴오금빌딩 전반적인 관리 , 관련업무 1년이상 경력자
소방안전관리자2급이상우대
근무시간:07:00~07:00(격일) 휴게시간:10시간 주간:5.5시간 야간5시간
급여:250만원

워크넷연계희망으로 주5일표기",무관,,(월급) 250만원,07:00~07:00,격일,채용시까지(2개월이내),"서류 ,면접","팩스,기타( 이메일(sys5798@naver.com) )"
KT 수서빌딩 소장 및 시설관리 총괄업무,(주)케이에프앤에스,"미화,관리원",빌딩 관리소장,1명,서울특별시 강남구 광평로47길 28  (수서동) KT 수서빌딩,"KT 수서빌딩 소장 및 시설관리 총괄업무
: 가스안전관리자 필수, 보일러 냉난방관리, 건물시설관리, 직원관리(시설1명, 미화5멍), 문서작성(엑셀, 워드 사용가능자). 관련 경력자 우대
: 주5일, 09-18시(휴게 12-13시)
: 월250만원
** 접수방법 : 이력서 이메일 winsor2411@gmail.com, 팩스 02-502-0407, 전화접수 010-4490-3500",무관,,(월급) 250만원,09-18시(휴게 12-13시),주간,2024.05.03,"서류 ,면접","팩스,전자우편,기타( 전화접수 010-4490-3500) )"
상가 관리소장 구합니다,그랑프리엔,"미화,관리원",빌딩 관리소장,1명,서울특별시 강남구 남부순환로 2912  (대치동) 그랑프리엔 관리사무소,"*상가 관리소장 업무 (건물 관리 등) / 경력 3년이상 필수
*파워포인트가능 하신 분
*재개발 ,재건축  경험자 우대 

근무시작일은 5월예정입니다

- 근무시간 : 평일 09:00~18:00 / 격주 토요일 09:00~13:00 
- 급     여 : 연봉 35,000,000원",경력,3년  0개월,"(최소연봉) 3500만원
									
								
							
							
							
							
						
					  
						상여금 : 0% -
							
							연봉 또는 월급에 포함",09:00~18:00,주간,2024.06.22,"서류 ,면접 ,기타",기타( 워크넷 )
빌딩 관리소장,(주)크린환경케이제이,"미화,관리원",빌딩 관리소장,1명,서울특별시 금천구 시흥대로 429  (독산동) 삼희빌딩,"○ 빌딩 관리 소장

○ 중식비 별도 지급

○ 수습기간 3개월 후 1년씩 연장

○ 자격증 무관",무관,,(월급) 230만원,09:00~18:00,주간,채용시까지(2개월이내),"서류 ,면접",방문
경비지도사 구인,(주)강일기업,"미화,관리원",경비 관리자,1명,서울특별시 광진구 아차산로 438  (구의동) .,"* 경비원, 청소원 직원 교육 및 관리 업무
* 기타 행정 업무
* 일반경비지도사 및 자동차운전면허 필수
* 경력자 우대
* 지원자는 이력서, 자기소개서를 팩스(02-512-4854)나 이메일(5124852@daum.net) 제출",경력,1년  개월,"(월급) 300만원
								
							
							
						
					  
						상여금 : 0% -
							
							
							연봉 또는 월급에 미포함",09:00~18:00,주간,채용시까지(2개월이내),"서류 ,면접","팩스,기타( 이메일(5124852@daum.net) )"
빌딩 관리소장 구인합니다.,주식회사 쉬엔비,"미화,관리원",빌딩 관리소장,1명,서울특별시 성동구 성수이로 148  (성수동2가) 쉬앤비 빌딩,"<주식회사 쉬엔비>
빌딩 관리소장 1명
빌딩 관리 및 경비 업무
*경력 10년 이상 필수, 경비교육 무관
*월2,060,740원(아래 급여의 경우 반올림하여 207만원으로 기재함)
*주5일 오전조 07:00~16:00 / 오후조 13:00~22:00 / 2교대
(2교대 예시: 1주 오전조 / 2주 오후조 / 3주 오전조 /4주 오후조)
*계약직(12개월)
*근무지 서울특별시 성동구 성수이로 148 쉬엔비 빌딩
*남, ~70세

*지원방법: 이력서 팩스 또는 메일지원",경력,10년  개월,"(월급) 207만원
								
							
							
						
					  
						상여금 : 0% -
							
							
							연봉 또는 월급에 미포함",07~16/13~22시,주간,채용시까지(2개월이내),"서류 ,면접","팩스,전자우편,기타( 이메일지원 )"
길동 강동와이시티아파트 관리소장 구인,(주)더블루피엠씨,"미화,관리원",아파트 관리소장,1명,서울특별시 강동구 천호대로175길 42  (길동) 강동와이시티,"* 강동구 길동 강동와이시티아파트(1개동 216세대) 관리에 관한 전반적인 업무
* 주택관리사 자격증 필수
* 시설관리업무 전반적인 기술자격증(전기,가스,에너지,소방,기계 등) 우대
* 컴퓨터 활용능력(문서작성, 팩스, 이메일, 문자 등) 가능자 우대
* 지원자는 이력서를 팩스(02-3436-8700)나 이메일(thebluepmc@naver.com)로 발송",경력,3년  개월,"(월급) 300만원
								
							
							
						
					  
						상여금 : 0% -
							
							
							연봉 또는 월급에 미포함",09:00~18:00,주간,채용시까지(2개월이내),"서류 ,면접","팩스,기타( 이메일(thebluepmc@naver.com) )"
이태원글로벌빌리지센터 시간선택제임기제공무원(마급) 채용계획 재공고,용산구청,"미화,관리원",경영지원관리자,1명,"서울특별시 용산구 이태원로27가길 54 -14 (이태원동) 지층, 이태원 글로벌 빌리지 센터","- 채용분야: 이태원 글로벌빌리지 센터 운영(외국인 지원)

- 채용직급: 시간선택제 임기제공무원 마급

- 채용기간 : 임용일로부터 1년

- 근무시간 : 주35시간 (1일 7시간 근무, 10:00 ~ 18:00)

- 담당직무내용

외국인 생활상담 및 통·번역 지원
한국어강좌 운영 및 강사 관리
외국인 관련 프로그램 기획 및 운영
외국인 커뮤니티 지원
뉴스레터(영어) 발간

- 근무장소 : 이태원글로벌빌리지센터 (용산구 이태원로27가길 54-14, 지층)

- 보수수준 : 기본연봉 25,725천원 + 기타수당

- 직무분야 응시요건: 영어회화 및 작문이 가능한 자

- 우대조건:  영어 공인어학성적 증명서 소지자 우대(공고일 기준 2년 이내 증명 서류)
· 1년 이상 관련분야 실무 경력자 우대
 ※ 관련분야 : 국가, 지방자치단체, 공공기관, 법인, 단체 등에서 외국인을 위한 교육· 상담·문화교류 업무 수행 

- 접수기간 : 2024. 4. 11.~ 4. 16. ※ 평일 9:00~18:00

- 접수방법 : 방문접수

- 접 수 처 : 용산구청 행정지원과(9층)

- 제출서류 
 - 응시원서(별지 제1호 서식) 1부
 - 이력서(별지 제2호 서식) 1부
 ※ 이력서상의 경력은 경력증명서에 의해 증명이 가능한 것만 인정하며, 경력내용이 불분명
하거나 직장폐업 등의 사유로 증명하지 못한 경우 사업자등록증, 법인등기부등본, 건강
보험자격득실확인서(국민건강보험공단 발급) 등 증빙자료 제출
 - 자기소개서(별지 제3호 서식) 1부
 - 자격요건 검증을 위한 동의서(별지 제4호 서식) 1부 
 - 직무수행계획서(별지 제5호 서식) 1부
 - 개인정보 수집·이용 동의서(별지 제6호 서식) 1부
 - 최종학교 졸업증명서 1부, 석사이상 학위증서 또는 학위증명서 1부
 - 행정정보 공동이용 사전동의서 또는 주민등록초본(남자의 경우 병역사항 포함) 1부
 - 구직등록확인증(용산구청 5층 일자리플러스센터 발급)
 - (우대요건 해당자) 영어 공인어학성적증명서 사본 1부
 - (우대요건 해당자) 채용예정 직무분야의 경력증명서 또는 재직증명서 1부",무관,,"(최소연봉) 2572만원
									
								
							
							
							
							
						
					  
						상여금 : 0% -
							
							
							연봉 또는 월급에 미포함",10:00~18:00,주간,채용시까지(2개월이내),"서류 ,면접",방문
럭스헤븐 (핸드백)재고관리및 cs및 배송,럭스헤븐,"미화,관리원",영업·판매 관리자,1명,"서울특별시 중구 장충단로 282 -10 (신당동) 신당동, 남평화상가 1층 112, 115호","재고관리및 cs및 배송

엑셀은 가능 ( cs답변및 재고파악후 엑셀 작업을 해야 합니다)

근무시간 오전10시부터-18시까지 주5일근무임 중식제공함

55세까지 지원가능함
jolie-123@hanmail.net> 메일로 지원해 주시기 바랍니다.",신입,,"(시급) 9860원
								
							
						
					  
						상여금 : 0% -
							
							
							연봉 또는 월급에 미포함",10:00-18:00,주간,채용시까지(2개월이내),"서류 ,면접","온라인,전자우편"
(상일동)삼성엔지니어링 미화감독모집,(주)다원엠앤이,"미화,관리원",경비·청소 관리자,1명,서울특별시 강동구 상일로6길 삼성엔지니어링,"- 근무지: 삼성엔지니어링 미화사무실
- 업   무:  자재관리업무 및 컴퓨터 가능자만 지원
- 시   간: 06:00~16:00 (휴게시간 2시간)
- 월급여: 월250
- 제출서류: 사진부착된 이력서
- 수습 3개월 있음",경력,1년  개월,"(월급) 250만원
								
							
							
						
					  
						상여금 : 0% -
							
							
							연봉 또는 월급에 미포함",06:00~16:00 (휴게시간 2시간),주간,채용시까지(2개월이내),"서류 ,면접",방문
CGV영화관(명동점) 야간 미화 구인,주식회사 에스알제이코퍼레이션,"미화,관리원",환경·청소 관리자,1명,서울특별시 중구 명동길 14  (명동2가) 눈스퀘어 8층),"-CGV영화관(명동점) 야간 미화 구인
-근무시간: 19:00~01:00 (6시간)
-주6일 근무, 평일 휴무
-3인1조
-급여: 월1,780,000
-4대보험, 퇴직금
-명동역점 아님(을지로입구역 6번 출구)",무관,,(월급) 178000만원,19:00~01:00,기타,채용시까지(2개월이내),면접,방문
관리소장 채용/전기선임 [서초파라곤],(주)세안텍스,"미화,관리원",빌딩 관리소장,1명,서울특별시 서초구 서초대로74길 29  (서초동) ..,"[근무조건]
- 월 급여 : 4,035,000원(연차수당 및 퇴직금 별도)
- 근무형태 : 일근(09시~18시)

[필수조건]
- 전기안전관리자 1400KW 선임

[우대사항]
- 아파트 및 주상복합 유경험자
- 문서작성, 행정업무, 대민업무 능한 자

[참고사항]
- '주상복합 관리소장 지원' 기재 필수",경력,3년  0개월,"(월급) 403만원
								
							
							
						
					  
						상여금 : 0% -
							
							
							연봉 또는 월급에 미포함",09:00~18:00/휴게1시간,주간,채용시까지(2개월이내),"서류 ,면접",전자우편
관리소장 채용/전기 무제한 선임 [서초코업레지던스],(주)세안텍스,"미화,관리원",빌딩 관리소장,1명,서울특별시 서초구 서초대로 360  (서초동) 관리사무소,"[근무조건] 
- 월 급여 : 3,600,000원(연차수당 및 퇴직금 별도) 
- 근무형태 : 일근(09시~18시)

[필수조건] 
- 전기 무제한 선임

[우대사항]
- 오피스텔 유경험자
- 문서작성, 행정업무, 대민업무 능한 자

[참고사항] 
- '오피스텔 관리소장 지원' 기재 필수",경력,3년  0개월,"(월급) 360만원
								
							
							
						
					  
						상여금 : 0% -
							
							
							연봉 또는 월급에 미포함",09:00~18:00/휴게 1시간,주간,채용시까지(2개월이내),"서류 ,면접",전자우편
서초동/루컴즈힐 서리풀 아파트 관리소장 모집,루컴즈힐서리플 관리단,"미화,관리원",아파트 관리소장,1명,서울특별시 서초구 명달로 97 -13 (서초동) 101동 401호,"-루컴즈힐 서리풀 아파트 관리원 모집/경비교육x

-주택관리사 자격증 필수

-직무내용: 재활용 정리, 낙엽청소, 아파트 내부시설 관리(저수조, 정화조, 엘리베이터, 차단기 등), 
전기작업(1년에 1~2회), 잡초제거, 공지관련 업무/ 아파트 내부 및 주차장은 미화원따로 계심.

-급      여 : 240만원

-근무시간 : 09:00~16:00 (주5일)/휴게1시간

-문자로 이력서 전송(010-3612-7886)

-기타내용 : 계약기간 3개월 이후 협의하여 1년단위로 근로계약 체결예정.",무관,,"(월급) 240만원
								
							
							
						
					  
						상여금 : 0% -
							
							
							연봉 또는 월급에 미포함",09:00~16:00,주간,채용시까지(2개월이내),면접,"방문,기타"
건물 청소원 구인,(주)아스타아이비에스,"미화,관리원",환경·청소 관리자,1명,서울특별시 강남구 압구정로46길 46  (신사동) 건물 2층,"-현대카드신사쿠킹라이브러 청소 구인 (남자)
-2층~4층 청소
-주5일 근무 (주말근무, 정기휴무 월요일, 평일 하루 휴무)
-근무시간; 7시~16시
급여; 월 228만원",무관,,(월급) 228만원,07:00~16:00,주간,채용시까지(2개월이내),면접,방문
[의정부/3교대] 가스충전소 가스안전관리자 모집(초보가능/노원 인근),코리아휴먼리스오스시스템,"미화,관리원",전기·가스·수도 관리자(부서장),1명,경기도 의정부시 평화로 75  (호원동) 복지충전소,"[ 가스충전소 가스안전관리자 모집]

- 직무 : 가스충전소 내 가스안전관리 및 충전 업무

- 자격 : 가스관련 자격증 소지 필수
( 가스일반시설 안전관리자/ LPG충전시설 안전관리자 / 가스기능사 / 가스산업기사/ 가스기사 이상 자격증 등 관련 자격증 )

- 3교대 : 7~15시/ 15~23시/ 23~7시(시간은 변동가능, 휴게1시간)

- 주6일 근무(주1회 휴무 협의)

- 월급 2,954,840원

- 인근거주자 우대",무관,,"(월급) 295만원
								
							
							
						
					  
						상여금 : 0% -
							
							
							연봉 또는 월급에 미포함",07:00~15:00/15:00~23:00/23:00~07:00,3교대,채용시까지(2개월이내),"서류 ,면접","팩스,전자우편,기타( 워크넷 입사지원 )"
[경기 용인시] 골드빌 관리소장 구인,(주)성우알티에스,"미화,관리원",아파트 관리소장,1명,경기도 용인시 처인구 금령로71번길 8  (김량장동) 골드빌,"- 건물 관리 및 관리소장 업무 (53세대)

- 전기산업기사 필수, 경력 4년 이상 필수

- 근무시간: 09:00~18:00 (휴게시간: 12:00~13:00)

- 주5일 평일 근무

- 월 360만원 (연차수당 별도)

- 가급적 전화 문의 삼가주시기 바랍니다
* 문의 필요시 지원 희망하는 근무지 및 직종 확인후 전화 필수

- 이력서 이메일 또는 팩스 접수 요망
* 팩스, 이메일 전송 시 이력서 상단에 채용제목 작성 필요",경력,4년  개월,"(월급) 360만원
								
							
							
						
					  
						상여금 : 0% -
							
							
							연봉 또는 월급에 미포함",09:00~18:00,주간,채용시까지(2개월이내),"서류 ,면접","팩스,전자우편"
[채용마감]가양동 비전타워 관리소장 채용,비젼타워관리조합,"미화,관리원",빌딩 관리소장,1명,서울특별시 강서구 양천로57길 36  (가양동) .,"-업무: 가양동 비전타워 관리소장
-근무시간: 주6일 09~18시
-급여: 월250~270만원
-필수: 방화관리, 위험물관리, 안전관리 자격증 1개이상 소지",경력,6년  개월,"(월급) 250만원
								
							
							
						
					  
						상여금 : 0% -
							
							
							연봉 또는 월급에 미포함",09:00~18:00,주간,채용시까지(2개월이내),"서류 ,면접","방문,팩스,기타( 전자우편(hs57080@naver.com) )"
